"OBJECTID","GEN","EWZ","Shape__Area","Shape__Length","death_rate","cases","deaths","cases_per_100k","cases_per_population","BL_ID","county","last_update","cases7_per_100k","recovered","EWZ_BL","cases7_bl_per_100k"
1,"Flensburg",90164,49182929.6872559,42752.5920153776,1.01522842639594,394,4,436.981500377091,0.436981500377091,"1","SK Flensburg","17.12.2020, 00:00 Uhr",53.2363249190364,NA,2903773,92.0870880747221
2,"Kiel",246794,112231447.576416,104373.457289284,1.455525606469,1855,27,751.639018776794,0.751639018776794,"1","SK Kiel","17.12.2020, 00:00 Uhr",117.101712359296,NA,2903773,92.0870880747221
3,"Lübeck",216530,211677111.391357,146459.457896987,0.644814615797958,1861,12,859.465201126865,0.859465201126865,"1","SK Lübeck","17.12.2020, 00:00 Uhr",178.266291045121,NA,2903773,92.0870880747221
4,"Neumünster",80196,71402241.6633301,54863.9954163623,1.34680134680135,594,8,740.685320963639,0.740685320963639,"1","SK Neumünster","17.12.2020, 00:00 Uhr",57.3594693002145,NA,2903773,92.0870880747221
5,"Dithmarschen",133193,1425510586.4812,250768.570200458,1.76767676767677,792,14,594.625843700495,0.594625843700495,"1","LK Dithmarschen","17.12.2020, 00:00 Uhr",63.8171675688662,NA,2903773,92.0870880747221
6,"Herzogtum Lauenburg",198019,1262106678.21631,255833.71981839,1.78189593727726,1403,25,708.517869497372,0.708517869497372,"1","LK Herzogtum Lauenburg","17.12.2020, 00:00 Uhr",79.2853211055505,NA,2903773,92.0870880747221
7,"Nordfriesland",165951,2088325676.54028,638776.023240264,0.493218249075216,811,4,488.698471235485,0.488698471235485,"1","LK Nordfriesland","17.12.2020, 00:00 Uhr",57.2458135232689,NA,2903773,92.0870880747221
8,"Ostholstein",200539,1385825364.35352,361935.231065052,0.740740740740741,810,6,403.911458619022,0.403911458619022,"1","LK Ostholstein","17.12.2020, 00:00 Uhr",67.3185764365036,NA,2903773,92.0870880747221
9,"Pinneberg",316103,636790164.927002,185849.13673433,2.04326923076923,3328,68,1052.82139049614,1.05282139049614,"1","LK Pinneberg","17.12.2020, 00:00 Uhr",133.50078929969,NA,2903773,92.0870880747221
10,"Plön",128686,1082369345.22974,228984.75975566,1.8140589569161,441,8,342.694621015495,0.342694621015495,"1","LK Plön","17.12.2020, 00:00 Uhr",39.6313507296831,NA,2903773,92.0870880747221
11,"Rendsburg-Eckernförde",274098,2167736469.53174,371442.746317188,1.28690386071158,1321,17,481.944414041693,0.481944414041693,"1","LK Rendsburg-Eckernförde","17.12.2020, 00:00 Uhr",73.6962692175791,NA,2903773,92.0870880747221
12,"Schleswig-Flensburg",201156,1989341044.20361,437586.51361338,1.12359550561798,623,7,309.709876911452,0.309709876911452,"1","LK Schleswig-Flensburg","17.12.2020, 00:00 Uhr",36.2902423989342,NA,2903773,92.0870880747221
13,"Segeberg",277175,1345047829.98413,287922.801842926,2.03291384317522,2066,42,745.377469107964,0.745377469107964,"1","LK Segeberg","17.12.2020, 00:00 Uhr",73.2389284747903,NA,2903773,92.0870880747221
14,"Steinburg",131013,1017354311.39941,206757.303493891,0.631911532385466,633,4,483.158159877264,0.483158159877264,"1","LK Steinburg","17.12.2020, 00:00 Uhr",106.859624617404,NA,2903773,92.0870880747221
15,"Stormarn",244156,765641644.19043,254210.27747419,2.87260616153206,2402,69,983.797244384738,0.983797244384738,"1","LK Stormarn","17.12.2020, 00:00 Uhr",140.074378675929,NA,2903773,92.0870880747221
16,"Hamburg",1847253,742081735.831543,234529.147981849,1.63617919434536,30559,500,1654.29424123279,1.65429424123279,"2","SK Hamburg","17.12.2020, 00:00 Uhr",130.518126104004,NA,1847253,130.518126104004
17,"Braunschweig",249406,192247923.298584,96243.2400090774,1.37895812053115,1958,27,785.065315188889,0.785065315188889,"3","SK Braunschweig","17.12.2020, 00:00 Uhr",95.827686583322,NA,7993608,91.2479070777551
18,"Salzgitter",104291,224933357.869873,109246.816466499,2.29960578186597,1522,35,1459.37808631617,1.45937808631617,"3","SK Salzgitter","17.12.2020, 00:00 Uhr",94.9266954962557,NA,7993608,91.2479070777551
19,"Wolfsburg",124371,204917677.082275,91260.7698754317,4.88599348534202,1228,60,987.368437979915,0.987368437979915,"3","SK Wolfsburg","17.12.2020, 00:00 Uhr",86.0329176415724,NA,7993608,91.2479070777551
20,"Gifhorn",176523,1568402570.0603,281623.329720705,0.912921348314607,1424,13,806.693745290982,0.806693745290982,"3","LK Gifhorn","17.12.2020, 00:00 Uhr",114.432680160659,NA,7993608,91.2479070777551
21,"Goslar",136292,968382438.258789,233479.82333141,3.6773428232503,843,31,618.524931764153,0.618524931764153,"3","LK Goslar","17.12.2020, 00:00 Uhr",45.4905643764858,NA,7993608,91.2479070777551
22,"Helmstedt",91297,675399739.004395,231046.813560494,0.87260034904014,573,5,627.621937193993,0.627621937193993,"3","LK Helmstedt","17.12.2020, 00:00 Uhr",71.1962057898945,NA,7993608,91.2479070777551
23,"Northeim",132285,1268916562.38525,228597.503006877,1.24223602484472,805,10,608.534603318592,0.608534603318592,"3","LK Northeim","17.12.2020, 00:00 Uhr",32.5055750840987,NA,7993608,91.2479070777551
24,"Peine",134801,536000587.991211,149919.905165553,1.67112299465241,1496,25,1109.78405204709,1.10978405204709,"3","LK Peine","17.12.2020, 00:00 Uhr",60.0885750105711,NA,7993608,91.2479070777551
25,"Wolfenbüttel",119622,723834115.338867,215001.771236117,3.88247639034627,953,37,796.676196686228,0.796676196686228,"3","LK Wolfenbüttel","17.12.2020, 00:00 Uhr",101.987928641889,NA,7993608,91.2479070777551
26,"Göttingen",326041,1753798346.5144,384517.890219107,3.14033366045142,3057,96,937.612140804377,0.937612140804377,"3","LK Göttingen","17.12.2020, 00:00 Uhr",65.3292070629154,NA,7993608,91.2479070777551
27,"Region Hannover",1157115,2295756040.50464,378326.070014614,1.69348010160881,15353,260,1326.83441144571,1.32683441144571,"3","Region Hannover","17.12.2020, 00:00 Uhr",113.644711199838,NA,7993608,91.2479070777551
28,"Diepholz",217089,1989166833.45752,308137.782931481,1.54711673699015,2844,44,1310.0617719,1.3100617719,"3","LK Diepholz","17.12.2020, 00:00 Uhr",111.935657725633,NA,7993608,91.2479070777551
29,"Hameln-Pyrmont",148549,797238651.583984,208927.638050285,1.40515222482436,1281,18,862.341718894102,0.862341718894102,"3","LK Hameln-Pyrmont","17.12.2020, 00:00 Uhr",57.2201765074151,NA,7993608,91.2479070777551
30,"Hildesheim",275817,1206813486.23535,250655.147464252,2.14521452145215,3030,65,1098.55447633757,1.09855447633757,"3","LK Hildesheim","17.12.2020, 00:00 Uhr",78.3127943527774,NA,7993608,91.2479070777551
31,"Holzminden",70458,693977443.226318,188781.77968133,3.05010893246187,459,14,651.451928808652,0.651451928808652,"3","LK Holzminden","17.12.2020, 00:00 Uhr",123.477816571575,NA,7993608,91.2479070777551
32,"Nienburg (Weser)",121390,1400075328.50439,317561.80717527,1.2591815320042,953,12,785.072905511162,0.785072905511162,"3","LK Nienburg (Weser)","17.12.2020, 00:00 Uhr",80.7315264848834,NA,7993608,91.2479070777551
33,"Schaumburg",157820,675778190.708496,205685.418205366,0.811359026369168,1479,12,937.143581295146,0.937143581295146,"3","LK Schaumburg","17.12.2020, 00:00 Uhr",66.5314915726777,NA,7993608,91.2479070777551
34,"Celle",179011,1549099319.28076,245349.800259356,1.70765027322404,1464,25,817.826837456916,0.817826837456916,"3","LK Celle","17.12.2020, 00:00 Uhr",70.3867360106362,NA,7993608,91.2479070777551
35,"Cuxhaven",198038,2057837437.46387,308901.909988568,2.28494623655914,1488,34,751.370949009786,0.751370949009786,"3","LK Cuxhaven","17.12.2020, 00:00 Uhr",60.5944313717569,NA,7993608,91.2479070777551
36,"Harburg",254431,1248268091.76318,257154.143276769,1.62698412698413,2520,41,990.445346675523,0.990445346675523,"3","LK Harburg","17.12.2020, 00:00 Uhr",91.9699250484414,NA,7993608,91.2479070777551
37,"Lüchow-Dannenberg",48412,1226092666.86743,228107.636033547,3.13725490196078,255,8,526.728910187557,0.526728910187557,"3","LK Lüchow-Dannenberg","17.12.2020, 00:00 Uhr",99.1489713294225,NA,7993608,91.2479070777551
38,"Lüneburg",184139,1326490185.8894,318951.135617736,1.17967332123412,1102,13,598.460945264175,0.598460945264175,"3","LK Lüneburg","17.12.2020, 00:00 Uhr",68.4265690592433,NA,7993608,91.2479070777551
39,"Osterholz",113928,652696160.956543,180006.018477693,1.48601398601399,1144,17,1004.14296748824,1.00414296748824,"3","LK Osterholz","17.12.2020, 00:00 Uhr",57.9313250473984,NA,7993608,91.2479070777551
40,"Rotenburg (Wümme)",163782,2072153741.53931,353859.419962482,1.02599179206566,1462,15,892.649985956943,0.892649985956943,"3","LK Rotenburg (Wümme)","17.12.2020, 00:00 Uhr",84.8689111135534,NA,7993608,91.2479070777551
41,"Heidekreis",140673,1880710349.85791,365560.814224116,1.66374781085814,1142,19,811.81179046441,0.81181179046441,"3","LK Heidekreis","17.12.2020, 00:00 Uhr",116.582428753208,NA,7993608,91.2479070777551
42,"Stade",204512,1205962826.38794,300870.311051285,1.29781420765027,1464,19,715.850414645595,0.715850414645595,"3","LK Stade","17.12.2020, 00:00 Uhr",106.595212016899,NA,7993608,91.2479070777551
43,"Uelzen",92389,1461591002.51001,220926.558641761,1.85614849187935,431,8,466.505752849365,0.466505752849365,"3","LK Uelzen","17.12.2020, 00:00 Uhr",29.2242582991482,NA,7993608,91.2479070777551
44,"Verden",137133,788466533.945068,224906.480244701,1.24875124875125,2002,25,1459.89659673456,1.45989659673456,"3","LK Verden","17.12.2020, 00:00 Uhr",73.651127008087,NA,7993608,91.2479070777551
45,"Delmenhorst",77559,62422385.1994629,46214.443723296,1.57068062827225,1528,24,1970.11307520726,1.97011307520726,"3","SK Delmenhorst","17.12.2020, 00:00 Uhr",121.198055673745,NA,7993608,91.2479070777551
46,"Emden",49913,111148140.436157,68142.5576895426,0.265957446808511,376,1,753.310760723659,0.753310760723659,"3","SK Emden","17.12.2020, 00:00 Uhr",64.1115541041412,NA,7993608,91.2479070777551
47,"Oldenburg (Oldb)",169077,103641663.96582,52083.5896889351,0.682128240109141,1466,10,867.060570036137,0.867060570036137,"3","SK Oldenburg","17.12.2020, 00:00 Uhr",74.5222590890541,NA,7993608,91.2479070777551
48,"Osnabrück",165251,120114348.491455,74554.5861104826,1.39939485627837,2644,37,1599.99031775905,1.59999031775905,"3","SK Osnabrück","17.12.2020, 00:00 Uhr",90.7710089500215,NA,7993608,91.2479070777551
49,"Wilhelmshaven",76089,107451674.248779,57401.3346799128,3.24825986078886,431,14,566.441929845313,0.566441929845313,"3","SK Wilhelmshaven","17.12.2020, 00:00 Uhr",53.8842671082548,NA,7993608,91.2479070777551
50,"Ammerland",124859,729290355.306396,153856.799110299,1.23574144486692,1052,13,842.550396847644,0.842550396847644,"3","LK Ammerland","17.12.2020, 00:00 Uhr",77.6876316484995,NA,7993608,91.2479070777551
51,"Aurich",189694,1293810885.22095,365768.636966917,1.54723127035831,1228,19,647.358377175873,0.647358377175873,"3","LK Aurich","17.12.2020, 00:00 Uhr",51.6621506215273,NA,7993608,91.2479070777551
52,"Cloppenburg",170682,1420156082.12329,227952.426861065,1.13373923997481,4763,54,2790.56959726275,2.79056959726275,"3","LK Cloppenburg","17.12.2020, 00:00 Uhr",190.412580119755,NA,7993608,91.2479070777551
53,"Emsland",326954,2882398707.31787,300250.673322017,1.28061109862952,4451,57,1361.35358490797,1.36135358490797,"3","LK Emsland","17.12.2020, 00:00 Uhr",107.354551404785,NA,7993608,91.2479070777551
54,"Friesland",98704,617443678.243652,208927.492902388,1.74603174603175,630,11,638.272005187226,0.638272005187226,"3","LK Friesland","17.12.2020, 00:00 Uhr",81.0504133571081,NA,7993608,91.2479070777551
55,"Grafschaft Bentheim",137162,981683839.138184,193901.857876178,2.49625561657514,2003,50,1460.31699741911,1.46031699741911,"3","LK Grafschaft Bentheim","17.12.2020, 00:00 Uhr",157.478018693224,NA,7993608,91.2479070777551
56,"Leer",170756,1066760473.15918,230976.758689642,1.15495668912416,1039,12,608.470566188011,0.608470566188011,"3","LK Leer","17.12.2020, 00:00 Uhr",46.2648457448055,NA,7993608,91.2479070777551
57,"Oldenburg",130890,1064342314.86841,198039.884494497,1.9019019019019,1998,38,1526.47261058904,1.52647261058904,"3","LK Oldenburg","17.12.2020, 00:00 Uhr",126.06005042402,NA,7993608,91.2479070777551
58,"Osnabrück",358080,2119563276.82422,377529.219491761,1.95991091314031,6735,132,1880.86461126005,1.88086461126005,"3","LK Osnabrück","17.12.2020, 00:00 Uhr",102.491063449508,NA,7993608,91.2479070777551
59,"Vechta",142814,813275121.337891,175243.407306269,1.2675668228162,3629,46,2541.06740235551,2.54106740235551,"3","LK Vechta","17.12.2020, 00:00 Uhr",166.650328399177,NA,7993608,91.2479070777551
60,"Wesermarsch",88583,827903113.942871,202709.000406726,1.46520146520147,819,12,924.556630504724,0.924556630504724,"3","LK Wesermarsch","17.12.2020, 00:00 Uhr",75.6352799069799,NA,7993608,91.2479070777551
61,"Wittmund",56926,659910583.918945,238552.073780166,1.33689839572193,374,5,656.993289533781,0.656993289533781,"3","LK Wittmund","17.12.2020, 00:00 Uhr",29.8633313424446,NA,7993608,91.2479070777551
62,"Bremen",567559,325438046.057129,152379.503094403,1.27516167228345,10979,140,1934.42443869272,1.93442443869272,"4","SK Bremen","17.12.2020, 00:00 Uhr",137.430645976894,NA,681202,133.440594713462
63,"Bremerhaven",113643,76626795.4487305,66927.6301124069,2.0776874435411,1107,23,974.103112378237,0.974103112378237,"4","SK Bremerhaven","17.12.2020, 00:00 Uhr",113.513370819144,NA,681202,133.440594713462
64,"Düsseldorf",621877,217360338.015015,112186.81504482,0.9639564124057,11930,115,1918.38579011605,1.91838579011605,"5","SK Düsseldorf","17.12.2020, 00:00 Uhr",123.818697266501,NA,17947221,176.500863281285
65,"Duisburg",498686,233017086.481079,95474.8929324916,1.8972390373542,13546,257,2716.33853767702,2.71633853767702,"5","SK Duisburg","17.12.2020, 00:00 Uhr",220.780210392913,NA,17947221,176.500863281285
66,"Essen",582760,210420908.663208,81252.5162884856,1.40415704387991,10825,152,1857.53998215389,1.85753998215389,"5","SK Essen","17.12.2020, 00:00 Uhr",195.964033221223,NA,17947221,176.500863281285
67,"Krefeld",227417,136653261.214478,63471.9914602398,1.06147722246793,4522,48,1988.41775241077,1.98841775241077,"5","SK Krefeld","17.12.2020, 00:00 Uhr",127.958771771679,NA,17947221,176.500863281285
68,"Mönchengladbach",261034,170724514.332886,84213.2128405322,1.94032964740246,4793,93,1836.15927427078,1.83615927427078,"5","SK Mönchengladbach","17.12.2020, 00:00 Uhr",159.366212830513,NA,17947221,176.500863281285
69,"Mülheim an der Ruhr",170632,91231024.4256592,47636.6754456389,1.85706246482836,3554,66,2082.84495288105,2.08284495288105,"5","SK Mülheim a.d.Ruhr","17.12.2020, 00:00 Uhr",192.22654601716,NA,17947221,176.500863281285
70,"Oberhausen",210764,77461397.5787354,47161.1183103433,1.69450496247882,4131,70,1960.01214628684,1.96001214628684,"5","SK Oberhausen","17.12.2020, 00:00 Uhr",205.443054791141,NA,17947221,176.500863281285
71,"Remscheid",111338,74059994.6862793,46537.7565631135,2.44660194174757,2575,63,2312.77730873556,2.31277730873556,"5","SK Remscheid","17.12.2020, 00:00 Uhr",204.781835491925,NA,17947221,176.500863281285
72,"Solingen",159245,88966810.1396484,60670.7668487395,1.81038589804669,4198,76,2636.18951929417,2.63618951929417,"5","SK Solingen","17.12.2020, 00:00 Uhr",272.536029388678,NA,17947221,176.500863281285
73,"Wuppertal",355100,168308947.517212,87034.4609588539,2.05611998064828,8268,170,2328.35820895522,2.32835820895522,"5","SK Wuppertal","17.12.2020, 00:00 Uhr",213.742607716136,NA,17947221,176.500863281285
74,"Kleve",312465,1233502124.15784,273628.535801326,1.87393526405451,4109,77,1315.0272830557,1.3150272830557,"5","LK Kleve","17.12.2020, 00:00 Uhr",111.692509561071,NA,17947221,176.500863281285
75,"Mettmann",485570,407818970.866333,178345.793963479,2.18197687104517,9166,200,1887.67839858311,1.88767839858311,"5","LK Mettmann","17.12.2020, 00:00 Uhr",197.293902012068,NA,17947221,176.500863281285
76,"Rhein-Kreis Neuss",451730,576628524.765625,171129.562584676,1.23329907502569,6811,84,1507.75905961526,1.50775905961526,"5","LK Rhein-Kreis Neuss","17.12.2020, 00:00 Uhr",146.326345383304,NA,17947221,176.500863281285
77,"Viersen",298863,563619172.270142,148678.070371203,1.35021097046414,4740,64,1586.01098162034,1.58601098162034,"5","LK Viersen","17.12.2020, 00:00 Uhr",190.388238089024,NA,17947221,176.500863281285
78,"Wesel",459976,1042244391.64929,236568.024073197,0.765340986743201,7317,56,1590.73516879142,1.59073516879142,"5","LK Wesel","17.12.2020, 00:00 Uhr",177.183157382124,NA,17947221,176.500863281285
79,"Bonn",329673,141581438.620239,65347.5203943689,0.904662491301322,5748,52,1743.54587727839,1.74354587727839,"5","SK Bonn","17.12.2020, 00:00 Uhr",205.961665043846,NA,17947221,176.500863281285
80,"Köln",1087863,406546707.630127,122474.898247687,1.27923333919465,22748,291,2091.07212948689,2.09107212948689,"5","SK Köln","17.12.2020, 00:00 Uhr",135.770772606477,NA,17947221,176.500863281285
81,"Leverkusen",163729,78760205.0852051,52224.6199678239,0.955833882663151,3034,29,1853.06207208253,1.85306207208253,"5","SK Leverkusen","17.12.2020, 00:00 Uhr",168.571236616604,NA,17947221,176.500863281285
82,"Städteregion Aachen",557026,704617978.710571,271209.415997193,1.92944215710019,12387,239,2223.77411467328,2.22377411467328,"5","StadtRegion Aachen","17.12.2020, 00:00 Uhr",153.673257621727,NA,17947221,176.500863281285
83,"Düren",264638,940402560.97522,239872.66773561,1.91897654584222,6097,117,2303.90193396262,2.30390193396262,"5","LK Düren","17.12.2020, 00:00 Uhr",228.992057074192,NA,17947221,176.500863281285
84,"Rhein-Erft-Kreis",470615,703102213.996094,193932.422216655,1.84072606416976,7823,144,1662.29295708807,1.66229295708807,"5","LK Rhein-Erft-Kreis","17.12.2020, 00:00 Uhr",148.316564495394,NA,17947221,176.500863281285
85,"Euskirchen",193656,1249974488.31702,289341.786571828,2.1474358974359,3120,67,1611.10422605032,1.61110422605032,"5","LK Euskirchen","17.12.2020, 00:00 Uhr",165.757838641715,NA,17947221,176.500863281285
86,"Heinsberg",255555,627310851.182861,166217.280069434,2.7787867780603,5506,153,2154.52642288353,2.15452642288353,"5","LK Heinsberg","17.12.2020, 00:00 Uhr",135.391598677388,NA,17947221,176.500863281285
87,"Oberbergischer Kreis",272057,917748187.514526,221932.673352558,1.418589879314,4723,67,1736.03325773643,1.73603325773643,"5","LK Oberbergischer Kreis","17.12.2020, 00:00 Uhr",214.293328236362,NA,17947221,176.500863281285
88,"Rheinisch-Bergischer Kreis",283271,437967498.965454,164378.268326,0.932711525649567,4503,42,1589.6438392917,1.5896438392917,"5","LK Rheinisch-Bergischer Kreis","17.12.2020, 00:00 Uhr",189.218098569921,NA,17947221,176.500863281285
89,"Rhein-Sieg-Kreis",600764,1151826711.26221,315071.11935518,1.40115747791654,9849,138,1639.4124814403,1.6394124814403,"5","LK Rhein-Sieg-Kreis","17.12.2020, 00:00 Uhr",194.252651623599,NA,17947221,176.500863281285
90,"Bottrop",117565,100215196.027588,57668.5366978902,0.737207285342585,2306,17,1961.4681240165,1.9614681240165,"5","SK Bottrop","17.12.2020, 00:00 Uhr",230.510781269936,NA,17947221,176.500863281285
91,"Gelsenkirchen",259645,105265822.149292,57195.0199188307,0.844806007509387,6392,54,2461.82287353887,2.46182287353887,"5","SK Gelsenkirchen","17.12.2020, 00:00 Uhr",240.328140345472,NA,17947221,176.500863281285
92,"Münster",315293,303386079.091797,104190.794303895,1.01694915254237,3540,36,1122.76517398103,1.12276517398103,"5","SK Münster","17.12.2020, 00:00 Uhr",106.250376633798,NA,17947221,176.500863281285
93,"Borken",371339,1420892260.16577,270990.026283989,1.64816099930604,5764,95,1552.22047778445,1.55222047778445,"5","LK Borken","17.12.2020, 00:00 Uhr",165.078270798381,NA,17947221,176.500863281285
94,"Coesfeld",220586,1111794725.92371,218582.212198448,1.06930693069307,2525,27,1144.6782660731,1.1446782660731,"5","LK Coesfeld","17.12.2020, 00:00 Uhr",107.894426663524,NA,17947221,176.500863281285
95,"Recklinghausen",614137,761077166.794556,195412.891230841,1.44523899134362,13285,192,2163.19811377592,2.16319811377592,"5","LK Recklinghausen","17.12.2020, 00:00 Uhr",254.014983627432,NA,17947221,176.500863281285
96,"Steinfurt",448220,1794438587.95398,253351.971765061,2.15140731154966,6182,133,1379.23341216367,1.37923341216367,"5","LK Steinfurt","17.12.2020, 00:00 Uhr",126.946588728749,NA,17947221,176.500863281285
97,"Warendorf",277840,1317787165.15698,239415.086436615,1.24795417348609,4888,61,1759.28591995393,1.75928591995393,"5","LK Warendorf","17.12.2020, 00:00 Uhr",199.39533544486,NA,17947221,176.500863281285
98,"Bielefeld",334195,258894396.253174,97937.5188481441,1.08606220174428,6077,66,1818.39943745418,1.81839943745418,"5","SK Bielefeld","17.12.2020, 00:00 Uhr",205.269378656174,NA,17947221,176.500863281285
99,"Gütersloh",364938,968786895.673096,210976.880228164,0.918150263128429,8931,82,2447.26501487924,2.44726501487924,"5","LK Gütersloh","17.12.2020, 00:00 Uhr",216.475127281894,NA,17947221,176.500863281285
100,"Herford",250578,450445113.420654,151793.268020358,1.11188325225851,4317,48,1722.8168474487,1.7228168474487,"5","LK Herford","17.12.2020, 00:00 Uhr",189.162655939468,NA,17947221,176.500863281285
101,"Höxter",140251,1199809703.24023,216145.791980178,1.65745856353591,1810,30,1290.54338293488,1.29054338293488,"5","LK Höxter","17.12.2020, 00:00 Uhr",109.090131264661,NA,17947221,176.500863281285
102,"Lippe",347514,1244822653.08911,235073.729745434,1.33221147104193,7131,95,2052.00366028419,2.05200366028419,"5","LK Lippe","17.12.2020, 00:00 Uhr",249.774109820036,NA,17947221,176.500863281285
103,"Minden-Lübbecke",310409,1151148131.92139,260922.555092446,1.03609048523571,5791,60,1865.60312362077,1.86560312362077,"5","LK Minden-Lübbecke","17.12.2020, 00:00 Uhr",241.616705701188,NA,17947221,176.500863281285
104,"Paderborn",307839,1245845346.76392,204466.522212297,2.01768933112217,3618,73,1175.28968064475,1.17528968064475,"5","LK Paderborn","17.12.2020, 00:00 Uhr",73.7398445291207,NA,17947221,176.500863281285
105,"Bochum",365587,144755324.551147,63968.878045403,0.880991488726295,6697,59,1831.84850664821,1.83184850664821,"5","SK Bochum","17.12.2020, 00:00 Uhr",199.405339905412,NA,17947221,176.500863281285
106,"Dortmund",588250,279554377.645996,98190.6230359067,1.02719033232628,11585,119,1969.40076498088,1.96940076498088,"5","SK Dortmund","17.12.2020, 00:00 Uhr",175.77560560986,NA,17947221,176.500863281285
107,"Hagen",188686,160278911.540771,84911.6130714137,1.80025717959709,4666,84,2472.89147048536,2.47289147048536,"5","SK Hagen","17.12.2020, 00:00 Uhr",193.443074737924,NA,17947221,176.500863281285
108,"Hamm",179916,227489411.270508,93747.5063131269,1.73892881984697,4313,75,2397.22981835968,2.39722981835968,"5","SK Hamm","17.12.2020, 00:00 Uhr",223.993419151159,NA,17947221,176.500863281285
109,"Herne",156449,51479466.8168945,39394.5480370845,1.26708074534161,4025,51,2572.72337950386,2.57272337950386,"5","SK Herne","17.12.2020, 00:00 Uhr",230.746121739353,NA,17947221,176.500863281285
110,"Ennepe-Ruhr-Kreis",324106,410749023.552612,167746.033221404,1.81286549707602,5130,93,1582.81549863316,1.58281549863316,"5","LK Ennepe-Ruhr-Kreis","17.12.2020, 00:00 Uhr",188.518571084769,NA,17947221,176.500863281285
111,"Hochsauerlandkreis",259777,1958381723.53711,346343.538068156,1.59663865546218,3570,57,1374.25561154375,1.37425561154375,"5","LK Hochsauerlandkreis","17.12.2020, 00:00 Uhr",96.2363873630075,NA,17947221,176.500863281285
112,"Märkischer Kreis",410222,1060529150.20679,203287.493262444,1.30083732057416,6688,87,1630.33674449444,1.63033674449444,"5","LK Märkischer Kreis","17.12.2020, 00:00 Uhr",177.221114420972,NA,17947221,176.500863281285
113,"Olpe",133955,711176683.524902,190304.752435368,3.10994305738064,2283,71,1704.30368407301,1.70430368407301,"5","LK Olpe","17.12.2020, 00:00 Uhr",182.150722257475,NA,17947221,176.500863281285
114,"Siegen-Wittgenstein",276944,1133229647.22095,221109.25765622,0.842627013630731,4035,34,1456.97325090993,1.45697325090993,"5","LK Siegen-Wittgenstein","17.12.2020, 00:00 Uhr",131.073430007511,NA,17947221,176.500863281285
115,"Soest",301785,1328547045.28369,219685.194667454,1.31868131868132,2730,36,904.617525721954,0.904617525721954,"5","LK Soest","17.12.2020, 00:00 Uhr",113.988435475587,NA,17947221,176.500863281285
116,"Unna",394891,542477531.452881,199355.727841071,1.932712956335,8382,162,2122.61104963142,2.12261104963142,"5","LK Unna","17.12.2020, 00:00 Uhr",186.127311080779,NA,17947221,176.500863281285
117,"Darmstadt",159878,123048598.389893,62728.2639320736,2.14888718342287,2606,56,1629.99286956304,1.62999286956304,"6","SK Darmstadt","17.12.2020, 00:00 Uhr",152.616369982111,NA,6288080,189.962595895727
118,"Frankfurt am Main",763380,248025436.304932,107198.700929733,1.46541617819461,18766,275,2458.27765988106,2.45827765988106,"6","SK Frankfurt am Main","17.12.2020, 00:00 Uhr",159.160575336006,NA,6288080,189.962595895727
119,"Offenbach am Main",130280,45314193.6750488,40523.7038222825,1.21227753417591,3877,47,2975.89806570464,2.97589806570464,"6","SK Offenbach","17.12.2020, 00:00 Uhr",211.851396991096,NA,6288080,189.962595895727
120,"Wiesbaden",278474,203570820.282959,76210.2523840776,1.46333442946399,6082,89,2184.04590733785,2.18404590733785,"6","SK Wiesbaden","17.12.2020, 00:00 Uhr",129.635082628899,NA,6288080,189.962595895727
121,"Bergstraße",270340,718454212.983154,230508.870626959,1.61753195930081,3833,62,1417.84419619738,1.41784419619738,"6","LK Bergstraße","17.12.2020, 00:00 Uhr",158.319153658356,NA,6288080,189.962595895727
122,"Darmstadt-Dieburg",297844,657291272.370361,214120.440229167,1.46288209606987,4580,67,1537.71773142988,1.53771773142988,"6","LK Darmstadt-Dieburg","17.12.2020, 00:00 Uhr",194.061320691369,NA,6288080,189.962595895727
123,"Groß-Gerau",275726,453045388.414063,139724.785255386,1.46484375,6144,90,2228.29910853529,2.22829910853529,"6","LK Groß-Gerau","17.12.2020, 00:00 Uhr",195.483922444746,NA,6288080,189.962595895727
124,"Hochtaunuskreis",236914,480468440.964844,149198.259866738,2.3795871559633,3488,83,1472.26419713483,1.47226419713483,"6","LK Hochtaunuskreis","17.12.2020, 00:00 Uhr",132.115451176376,NA,6288080,189.962595895727
125,"Main-Kinzig-Kreis",420552,1395790652.87939,300318.620551173,1.48694790175129,9079,135,2158.82934809488,2.15882934809488,"6","LK Main-Kinzig-Kreis","17.12.2020, 00:00 Uhr",265.127736879149,NA,6288080,189.962595895727
126,"Main-Taunus-Kreis",238558,221461594.386963,117275.498131894,1.61534578495709,3962,64,1660.81204570796,1.66081204570796,"6","LK Main-Taunus-Kreis","17.12.2020, 00:00 Uhr",156.35610627185,NA,6288080,189.962595895727
127,"Odenwaldkreis",96703,624364517.953613,174677.997353924,4.65872156013001,1846,86,1908.93767514969,1.90893767514969,"6","LK Odenwaldkreis","17.12.2020, 00:00 Uhr",300.921377826955,NA,6288080,189.962595895727
128,"Offenbach",355813,355803459.948975,117080.180992666,2.18968968968969,7992,175,2246.12366608303,2.24612366608303,"6","LK Offenbach","17.12.2020, 00:00 Uhr",228.771854878827,NA,6288080,189.962595895727
129,"Rheingau-Taunus-Kreis",187160,811419685.175293,202580.122625723,1.33697964144637,3291,44,1758.3885445608,1.7583885445608,"6","LK Rheingau-Taunus-Kreis","17.12.2020, 00:00 Uhr",187.005770463774,NA,6288080,189.962595895727
130,"Wetteraukreis",308339,1099990560.77979,262591.543109504,1.799539652647,4779,86,1549.91746097639,1.54991746097639,"6","LK Wetteraukreis","17.12.2020, 00:00 Uhr",241.292862725766,NA,6288080,189.962595895727
131,"Gießen",270688,854708867.207275,216885.28507977,1.15740740740741,4752,55,1755.5266579974,1.7555266579974,"6","LK Gießen","17.12.2020, 00:00 Uhr",253.058872207117,NA,6288080,189.962595895727
132,"Lahn-Dill-Kreis",253319,1064560780.35425,218461.301024312,1.53491941673062,3909,60,1543.11362353396,1.54311362353396,"6","LK Lahn-Dill-Kreis","17.12.2020, 00:00 Uhr",140.929026247538,NA,6288080,189.962595895727
133,"Limburg-Weilburg",171912,738462010.61084,171932.776617019,1.14942528735632,2958,34,1720.64777327935,1.72064777327935,"6","LK Limburg-Weilburg","17.12.2020, 00:00 Uhr",221.0433244916,NA,6288080,189.962595895727
134,"Marburg-Biedenkopf",247084,1261058308.83984,219074.815088873,1.63897620116749,4454,73,1802.62582765375,1.80262582765375,"6","LK Marburg-Biedenkopf","17.12.2020, 00:00 Uhr",154.603292807304,NA,6288080,189.962595895727
135,"Vogelsbergkreis",105643,1457104213.34668,281068.017178289,2.82051282051282,1170,33,1107.50357335555,1.10750357335555,"6","LK Vogelsbergkreis","17.12.2020, 00:00 Uhr",271.669679959865,NA,6288080,189.962595895727
136,"Kassel",202137,104385005.543213,62081.9989754465,1.44790683034309,3177,46,1571.70631799225,1.57170631799225,"6","SK Kassel","17.12.2020, 00:00 Uhr",172.160465426913,NA,6288080,189.962595895727
137,"Fulda",223145,1380531945.41138,249206.560701784,1.5928178395598,3453,55,1547.42432050909,1.54742432050909,"6","LK Fulda","17.12.2020, 00:00 Uhr",213.762351834009,NA,6288080,189.962595895727
138,"Hersfeld-Rotenburg",120719,1097075880.79248,238890.500466896,2.2121014964216,1537,34,1273.20471508213,1.27320471508213,"6","LK Hersfeld-Rotenburg","17.12.2020, 00:00 Uhr",214.547834226592,NA,6288080,189.962595895727
139,"Kassel",236764,1294386187.68335,369647.655591306,2.66573132234304,2851,76,1204.15265834333,1.20415265834333,"6","LK Kassel","17.12.2020, 00:00 Uhr",138.534574513017,NA,6288080,189.962595895727
140,"Schwalm-Eder-Kreis",179673,1538369834.7019,264159.891839612,2.86488579171506,2583,74,1437.61166118449,1.43761166118449,"6","LK Schwalm-Eder-Kreis","17.12.2020, 00:00 Uhr",239.880226856567,NA,6288080,189.962595895727
141,"Waldeck-Frankenberg",156406,1846388338.3667,315281.908008929,1.59779614325069,1815,29,1160.44141529097,1.16044141529097,"6","LK Waldeck-Frankenberg","17.12.2020, 00:00 Uhr",164.315946958557,NA,6288080,189.962595895727
142,"Werra-Meißner-Kreis",100629,1023705778.25708,276793.665763391,3.55029585798817,1014,36,1007.66180723251,1.00766180723251,"6","LK Werra-Meißner-Kreis","17.12.2020, 00:00 Uhr",112.2936727981,NA,6288080,189.962595895727
143,"Koblenz",114052,105908560.954468,60039.2500666907,2.05669816564758,1799,37,1577.35068214499,1.57735068214499,"7","SK Koblenz","17.12.2020, 00:00 Uhr",170.974643145232,NA,4093903,169.61808816672
144,"Ahrweiler",130086,786748193.631592,198158.50026322,1.33256083429896,1726,23,1326.8145688237,1.3268145688237,"7","LK Ahrweiler","17.12.2020, 00:00 Uhr",125.301723475239,NA,4093903,169.61808816672
145,"Altenkirchen (Westerwald)",128805,640777362.438965,226525.339894865,1.24101894186806,1531,19,1188.61845425255,1.18861845425255,"7","LK Altenkirchen","17.12.2020, 00:00 Uhr",146.733434261092,NA,4093903,169.61808816672
146,"Bad Kreuznach",158345,863559012.325439,190185.180947289,0.97856477166822,2146,21,1355.2685591588,1.3552685591588,"7","LK Bad Kreuznach","17.12.2020, 00:00 Uhr",207.142631595567,NA,4093903,169.61808816672
147,"Birkenfeld",80951,776810710.452148,174002.002116524,3.01255230125523,1195,36,1476.20165285173,1.47620165285173,"7","LK Birkenfeld","17.12.2020, 00:00 Uhr",142.061246927153,NA,4093903,169.61808816672
148,"Cochem-Zell",61375,692834607.577271,185194.876155468,1.40679953106682,853,12,1389.816700611,1.389816700611,"7","LK Cochem-Zell","17.12.2020, 00:00 Uhr",107.535641547862,NA,4093903,169.61808816672
149,"Mayen-Koblenz",214434,816247050.113159,280311.118416521,1.67798641630044,2503,42,1167.25892349161,1.16725892349161,"7","LK Mayen-Koblenz","17.12.2020, 00:00 Uhr",129.17727599168,NA,4093903,169.61808816672
150,"Neuwied",182811,627372704.104004,179652.452278901,1.06496272630458,2817,30,1540.93572049822,1.54093572049822,"7","LK Neuwied","17.12.2020, 00:00 Uhr",245.061839823643,NA,4093903,169.61808816672
151,"Rhein-Hunsrück-Kreis",103163,990741764.75354,222373.527422531,1.08786610878661,1195,13,1158.36104029545,1.15836104029545,"7","LK Rhein-Hunsrück-Kreis","17.12.2020, 00:00 Uhr",110.504735224838,NA,4093903,169.61808816672
152,"Rhein-Lahn-Kreis",122297,780981450.685547,212564.422862406,2.48833592534992,1286,32,1051.53846782832,1.05153846782832,"7","LK Rhein-Lahn-Kreis","17.12.2020, 00:00 Uhr",160.265582966058,NA,4093903,169.61808816672
153,"Westerwaldkreis",201904,989578301.763672,258502.260650178,1.7728999577881,2369,42,1173.32989935811,1.17332989935811,"7","LK Westerwaldkreis","17.12.2020, 00:00 Uhr",155.519454790395,NA,4093903,169.61808816672
154,"Trier",111528,115582625.036499,86468.3940709615,1.11301369863014,1168,13,1047.27064055663,1.04727064055663,"7","SK Trier","17.12.2020, 00:00 Uhr",115.666021088875,NA,4093903,169.61808816672
155,"Bernkastel-Wittlich",112483,1168346834.49561,211928.826682952,1.71258376768429,1343,23,1193.95819812772,1.19395819812772,"7","LK Bernkastel-Wittlich","17.12.2020, 00:00 Uhr",135.131530986905,NA,4093903,169.61808816672
156,"Eifelkreis Bitburg-Prüm",99058,1628063091.99902,259572.720933771,0.51249199231262,1561,8,1575.84445476388,1.57584445476388,"7","LK Bitburg-Prüm","17.12.2020, 00:00 Uhr",108.017525086313,NA,4093903,169.61808816672
157,"Vulkaneifel",60646,911416954.615112,257249.27528506,2.5974025974026,847,22,1396.62962107971,1.39662962107971,"7","LK Vulkaneifel","17.12.2020, 00:00 Uhr",176.433730171817,NA,4093903,169.61808816672
158,"Trier-Saarburg",149398,1105238550.23828,325128.178491936,1.24257158292815,1851,23,1238.9724092692,1.2389724092692,"7","LK Trier-Saarburg","17.12.2020, 00:00 Uhr",131.862541667224,NA,4093903,169.61808816672
159,"Frankenthal (Pfalz)",48762,43691306.7062988,41060.9649667235,1.75,800,14,1640.62179566056,1.64062179566056,"7","SK Frankenthal","17.12.2020, 00:00 Uhr",250.194823838235,NA,4093903,169.61808816672
160,"Kaiserslautern",100030,140149191.699829,74942.6497413962,1.61516853932584,1424,23,1423.57292812156,1.42357292812156,"7","SK Kaiserslautern","17.12.2020, 00:00 Uhr",138.958312506248,NA,4093903,169.61808816672
161,"Landau in der Pfalz",46881,82924691.5888672,88048.4374430769,0.612244897959184,490,3,1045.19954779122,1.04519954779122,"7","SK Landau i.d.Pfalz","17.12.2020, 00:00 Uhr",153.58034171626,NA,4093903,169.61808816672
162,"Ludwigshafen am Rhein",172253,77810201.5349121,51921.9708589073,1.52905198776758,4251,65,2467.88154633011,2.46788154633011,"7","SK Ludwigshafen","17.12.2020, 00:00 Uhr",353.54972046931,NA,4093903,169.61808816672
163,"Mainz",218578,97627249.550293,62216.6048126733,1.57610949813355,4822,76,2206.07746433767,2.20607746433767,"7","SK Mainz","17.12.2020, 00:00 Uhr",178.426008106946,NA,4093903,169.61808816672
164,"Neustadt an der Weinstraße",53264,117246926.342529,74254.8762060634,0.896860986547085,669,6,1256.0078101532,1.2560078101532,"7","SK Neustadt a.d.Weinstraße","17.12.2020, 00:00 Uhr",123.911084409733,NA,4093903,169.61808816672
165,"Pirmasens",40231,61510583.6783447,48892.2664846195,1.39664804469274,358,5,889.861052422261,0.889861052422261,"7","SK Pirmasens","17.12.2020, 00:00 Uhr",141.68178767617,NA,4093903,169.61808816672
166,"Speyer",50561,42799349.1054688,40272.4324557478,1.0924981791697,1373,15,2715.53173394514,2.71553173394514,"7","SK Speyer","17.12.2020, 00:00 Uhr",502.363481734934,NA,4093903,169.61808816672
167,"Worms",83542,108686756.38208,73784.78104913,0.943396226415094,1272,12,1522.58744104762,1.52258744104762,"7","SK Worms","17.12.2020, 00:00 Uhr",158.004357089847,NA,4093903,169.61808816672
168,"Zweibrücken",34193,70786365.8654785,59167.2280331588,0.643086816720257,311,2,909.542888895388,0.909542888895388,"7","SK Zweibrücken","17.12.2020, 00:00 Uhr",96.5109817798965,NA,4093903,169.61808816672
169,"Alzey-Worms",129687,587581839.937012,189321.525325662,2.0812685827552,2018,42,1556.05419201616,1.55605419201616,"7","LK Alzey-Worms","17.12.2020, 00:00 Uhr",160.386160524956,NA,4093903,169.61808816672
170,"Bad Dürkheim",132671,593544543.918701,195860.3283493,2.25225225225225,1776,40,1338.64974259635,1.33864974259635,"7","LK Bad Dürkheim","17.12.2020, 00:00 Uhr",131.905239276104,NA,4093903,169.61808816672
171,"Donnersbergkreis",75325,644219228.101074,158764.991256932,1.67785234899329,894,15,1186.85695320279,1.18685695320279,"7","LK Donnersbergkreis","17.12.2020, 00:00 Uhr",118.154663126452,NA,4093903,169.61808816672
172,"Germersheim",129013,463059748.712402,138998.460875056,2.62541022034693,2133,56,1653.32175827242,1.65332175827242,"7","LK Germersheim","17.12.2020, 00:00 Uhr",181.377070527776,NA,4093903,169.61808816672
173,"Kaiserslautern",105979,640360766.698486,265178.002438207,1.2316715542522,1705,21,1608.80929240699,1.60880929240699,"7","LK Kaiserslautern","17.12.2020, 00:00 Uhr",123.609394313968,NA,4093903,169.61808816672
174,"Kusel",70219,572823068.492676,182434.962956183,3.64900086880973,1151,42,1639.15749298623,1.63915749298623,"7","LK Kusel","17.12.2020, 00:00 Uhr",190.831541320725,NA,4093903,169.61808816672
175,"Südliche Weinstraße",110521,639139638.51123,271639.72307876,1.62337662337662,1232,20,1114.72027940391,1.11472027940391,"7","LK Südliche Weinstraße","17.12.2020, 00:00 Uhr",110.386261434479,NA,4093903,169.61808816672
176,"Rhein-Pfalz-Kreis",154609,304351340.608643,182461.146298447,1.11275964391691,2696,30,1743.75359778538,1.74375359778538,"7","LK Rhein-Pfalz-Kreis","17.12.2020, 00:00 Uhr",280.708108842305,NA,4093903,169.61808816672
177,"Mainz-Bingen",211417,605262170.865479,228654.955756047,2.31734792404248,3107,72,1469.60745824603,1.46960745824603,"7","LK Mainz-Bingen","17.12.2020, 00:00 Uhr",155.143626103861,NA,4093903,169.61808816672
178,"Südwestpfalz",94831,953676546.209351,287458.323253362,2.45649948822927,977,24,1030.25381995339,1.03025381995339,"7","LK Südwestpfalz","17.12.2020, 00:00 Uhr",124.431884088536,NA,4093903,169.61808816672
179,"Stuttgart",635911,209618988.695557,95325.4660783928,1.09489051094891,12878,141,2025.12615759124,2.02512615759124,"8","SK Stuttgart","17.12.2020, 00:00 Uhr",142.158257995223,NA,11100394,159.706042866587
180,"Böblingen",392807,616727791.037354,193470.849291779,1.43445344667286,7529,108,1916.71737010797,1.91671737010797,"8","LK Böblingen","17.12.2020, 00:00 Uhr",118.633323744231,NA,11100394,159.706042866587
181,"Esslingen",535024,639345562.640869,190526.383307812,1.95750997309583,10779,211,2014.67597715243,2.01467597715243,"8","LK Esslingen","17.12.2020, 00:00 Uhr",165.786955351536,NA,11100394,159.706042866587
182,"Göppingen",258145,642148892.913086,194260.888140768,1.98142414860681,4845,96,1876.85215673362,1.87685215673362,"8","LK Göppingen","17.12.2020, 00:00 Uhr",130.93416490732,NA,11100394,159.706042866587
183,"Ludwigsburg",545423,686264880.985107,211552.9871491,1.58405268310047,11237,178,2060.23581697141,2.06023581697142,"8","LK Ludwigsburg","17.12.2020, 00:00 Uhr",127.97406783359,NA,11100394,159.706042866587
184,"Rems-Murr-Kreis",427248,856606018.26416,212914.900937514,1.88199976907978,8661,163,2027.15986967756,2.02715986967756,"8","LK Rems-Murr-Kreis","17.12.2020, 00:00 Uhr",186.542710556866,NA,11100394,159.706042866587
185,"Heilbronn",126592,100581939.450195,66772.2684804791,1.47536146355857,3389,50,2677.1043983822,2.6771043983822,"8","SK Heilbronn","17.12.2020, 00:00 Uhr",256.730283114257,NA,11100394,159.706042866587
186,"Heilbronn",344456,1097973308.31714,357677.008870556,1.2491559756921,5924,74,1719.81327078059,1.71981327078059,"8","LK Heilbronn","17.12.2020, 00:00 Uhr",184.058341268551,NA,11100394,159.706042866587
187,"Hohenlohekreis",112655,776553027.016846,230942.46619821,2.87474332648871,1948,56,1729.17313923039,1.72917313923039,"8","LK Hohenlohekreis","17.12.2020, 00:00 Uhr",144.689538857574,NA,11100394,159.706042866587
188,"Schwäbisch Hall",196761,1483011578.20728,340025.377114996,2.78541953232462,2908,81,1477.93515991482,1.47793515991482,"8","LK Schwäbisch Hall","17.12.2020, 00:00 Uhr",121.975391464772,NA,11100394,159.706042866587
189,"Main-Tauber-Kreis",132399,1304016350.70752,358326.838052258,1.12930547713156,1771,20,1337.6233959471,1.3376233959471,"8","LK Main-Tauber-Kreis","17.12.2020, 00:00 Uhr",115.559785194752,NA,11100394,159.706042866587
190,"Heidenheim",132777,627021906.880127,235130.482292316,3.97350993377483,2265,90,1705.86773311643,1.70586773311643,"8","LK Heidenheim","17.12.2020, 00:00 Uhr",126.527937820556,NA,11100394,159.706042866587
191,"Ostalbkreis",314025,1509494065.33569,347555.316527476,1.76570458404075,5890,104,1875.64684340419,1.87564684340419,"8","LK Ostalbkreis","17.12.2020, 00:00 Uhr",120.372581800812,NA,11100394,159.706042866587
192,"Baden-Baden",55185,139894387.865723,98058.8183567943,3.08422301304864,843,26,1527.5890187551,1.5275890187551,"8","SK Baden-Baden","17.12.2020, 00:00 Uhr",128.658149859563,NA,11100394,159.706042866587
193,"Karlsruhe",312060,173881598.712891,81250.6404054251,1.33103278284447,4057,54,1300.07049926296,1.30007049926296,"8","SK Karlsruhe","17.12.2020, 00:00 Uhr",117.926039864129,NA,11100394,159.706042866587
194,"Karlsruhe",445101,1083599313.83618,285247.933139503,2.46895328208161,6764,167,1519.65508951901,1.51965508951901,"8","LK Karlsruhe","17.12.2020, 00:00 Uhr",157.267676325149,NA,11100394,159.706042866587
195,"Rastatt",231420,738078663.282715,298349.068295438,1.5028901734104,3460,52,1495.11710310258,1.49511710310258,"8","LK Rastatt","17.12.2020, 00:00 Uhr",127.473857056434,NA,11100394,159.706042866587
196,"Heidelberg",161485,109204530.665283,67604.5693825799,1.0351966873706,2415,25,1495.4949376103,1.4954949376103,"8","SK Heidelberg","17.12.2020, 00:00 Uhr",112.703966312661,NA,11100394,159.706042866587
197,"Mannheim",310658,145001584.047607,66238.2004227266,1.19433795340608,6782,81,2183.10811245807,2.18310811245807,"8","SK Mannheim","17.12.2020, 00:00 Uhr",256.874118805889,NA,11100394,159.706042866587
198,"Neckar-Odenwald-Kreis",143633,1124565949.95752,244994.289090557,2.31678486997636,2115,49,1472.50283709175,1.47250283709175,"8","LK Neckar-Odenwald-Kreis","17.12.2020, 00:00 Uhr",246.461467768549,NA,11100394,159.706042866587
199,"Rhein-Neckar-Kreis",548355,1059897374.35962,375993.88539597,1.7277895440865,8971,155,1635.98398847462,1.63598398847462,"8","LK Rhein-Neckar-Kreis","17.12.2020, 00:00 Uhr",212.453611255482,NA,11100394,159.706042866587
200,"Pforzheim",125957,98121999.5908203,57899.0333914585,0.846394984326019,3190,27,2532.61033527315,2.53261033527315,"8","SK Pforzheim","17.12.2020, 00:00 Uhr",309.629476726184,NA,11100394,159.706042866587
201,"Calw",159201,796699943.620117,204764.099891748,2.04841713221601,3222,66,2023.85663406637,2.02385663406637,"8","LK Calw","17.12.2020, 00:00 Uhr",203.51630957092,NA,11100394,159.706042866587
202,"Enzkreis",199556,572871293.056885,229134.419784241,1.76425466632575,3911,69,1959.85086892902,1.95985086892902,"8","LK Enzkreis","17.12.2020, 00:00 Uhr",279.620758082944,NA,11100394,159.706042866587
203,"Freudenstadt",118243,870430978.220947,218409.020655361,2.5797373358349,2132,55,1803.06656630837,1.80306656630836,"8","LK Freudenstadt","17.12.2020, 00:00 Uhr",195.360401884255,NA,11100394,159.706042866587
204,"Freiburg im Breisgau",231195,154106311.404907,90749.4850754742,2.68361581920904,3540,95,1531.17498215792,1.53117498215792,"8","SK Freiburg i.Breisgau","17.12.2020, 00:00 Uhr",113.756785397608,NA,11100394,159.706042866587
205,"Breisgau-Hochschwarzwald",263601,1376032013.11108,367413.343425612,2.3443408116965,3967,93,1504.92600559178,1.50492600559178,"8","LK Breisgau-Hochschwarzwald","17.12.2020, 00:00 Uhr",102.8068937523,NA,11100394,159.706042866587
206,"Emmendingen",166408,680012054.847168,170998.409002252,2.95991007868115,2669,79,1603.88923609442,1.60388923609442,"8","LK Emmendingen","17.12.2020, 00:00 Uhr",88.3370991779241,NA,11100394,159.706042866587
207,"Ortenaukreis",430953,1858432403.0719,260387.567729159,2.66576454668471,7390,197,1714.80416657965,1.71480416657965,"8","LK Ortenaukreis","17.12.2020, 00:00 Uhr",158.253916320341,NA,11100394,159.706042866587
208,"Rottweil",139878,769011973.506348,215159.864942849,2.35763511062749,2757,65,1971.00330287822,1.97100330287822,"8","LK Rottweil","17.12.2020, 00:00 Uhr",228.770785970632,NA,11100394,159.706042866587
209,"Schwarzwald-Baar-Kreis",212506,1025220593.58521,228299.119528715,1.91995673336939,3698,71,1740.18615944962,1.74018615944962,"8","LK Schwarzwald-Baar-Kreis","17.12.2020, 00:00 Uhr",188.700554337289,NA,11100394,159.706042866587
210,"Tuttlingen",140766,733439049.13501,179890.018452654,2.23380491437081,2686,60,1908.13122486964,1.90813122486964,"8","LK Tuttlingen","17.12.2020, 00:00 Uhr",201.753264282568,NA,11100394,159.706042866587
211,"Konstanz",286305,816673906.167725,301755.523831332,1.84415584415584,3850,71,1344.71979183039,1.34471979183039,"8","LK Konstanz","17.12.2020, 00:00 Uhr",101.290581722289,NA,11100394,159.706042866587
212,"Lörrach",228736,806768725.185791,166891.083270565,2.38043240882289,4579,109,2001.87115277001,2.00187115277001,"8","LK Lörrach","17.12.2020, 00:00 Uhr",233.8940962507,NA,11100394,159.706042866587
213,"Waldshut",171003,1130186688.07104,275965.14142921,2.3818248442653,2729,65,1595.87843488126,1.59587843488126,"8","LK Waldshut","17.12.2020, 00:00 Uhr",141.51798506459,NA,11100394,159.706042866587
214,"Reutlingen",287034,1091317224.82764,247733.011443961,1.88580408590885,5727,108,1995.23401408892,1.99523401408892,"8","LK Reutlingen","17.12.2020, 00:00 Uhr",174.195391486723,NA,11100394,159.706042866587
215,"Tübingen",228678,519569414.979492,168355.717855257,2.08333333333333,4080,85,1784.16813160864,1.78416813160864,"8","LK Tübingen","17.12.2020, 00:00 Uhr",161.799560954705,NA,11100394,159.706042866587
216,"Zollernalbkreis",189363,916564553.016113,199854.254612024,2.92652552926526,3212,94,1696.21309337093,1.69621309337093,"8","LK Zollernalbkreis","17.12.2020, 00:00 Uhr",160.538225524522,NA,11100394,159.706042866587
217,"Ulm",126790,119270656.121094,90678.2931214459,1.15559224102352,2423,28,1911.03399321713,1.91103399321713,"8","SK Ulm","17.12.2020, 00:00 Uhr",150.642795173121,NA,11100394,159.706042866587
218,"Alb-Donau-Kreis",197076,1356377226.83691,399950.781208159,2.37736984652423,3323,79,1686.15153544825,1.68615153544825,"8","LK Alb-Donau-Kreis","17.12.2020, 00:00 Uhr",159.3293957661,NA,11100394,159.706042866587
219,"Biberach",201282,1408881133.10425,292822.021632747,2.26923076923077,2600,59,1291.72007432359,1.29172007432359,"8","LK Biberach","17.12.2020, 00:00 Uhr",138.114684869983,NA,11100394,159.706042866587
220,"Bodenseekreis",217470,664817889.916016,194996.487162401,0.693240901213172,2308,16,1061.29581091645,1.06129581091645,"8","LK Bodenseekreis","17.12.2020, 00:00 Uhr",134.271393755461,NA,11100394,159.706042866587
221,"Ravensburg",285424,1630788422.93872,323577.687164707,0.953288846520496,3147,30,1102.57021133472,1.10257021133472,"8","LK Ravensburg","17.12.2020, 00:00 Uhr",113.164975615225,NA,11100394,159.706042866587
222,"Sigmaringen",130849,1203632573.40039,290494.593419919,2.12765957446809,1786,38,1364.932097303,1.364932097303,"8","LK Sigmaringen","17.12.2020, 00:00 Uhr",102.408119282532,NA,11100394,159.706042866587
223,"Ingolstadt",137392,133627332.773193,76426.6457811457,1.91458026509573,2716,52,1976.82543379527,1.97682543379527,"9","SK Ingolstadt","17.12.2020, 00:00 Uhr",202.340747641784,NA,13124737,210.49564650324
224,"München",1484226,311436289.05835,113425.572221211,1.20725402199302,38103,460,2567.19663986482,2.56719663986482,"9","SK München","17.12.2020, 00:00 Uhr",250.298808941495,NA,13124737,210.49564650324
225,"Rosenheim",63551,36785175.7854004,30796.8419045027,1.40367860600194,2066,29,3250.93232207204,3.25093232207204,"9","SK Rosenheim","17.12.2020, 00:00 Uhr",214.001353243851,NA,13124737,210.49564650324
226,"Altötting",111516,569982047.458496,159938.620793076,3.26871911820601,2631,86,2359.30270095771,2.35930270095771,"9","LK Altötting","17.12.2020, 00:00 Uhr",184.726855339144,NA,13124737,210.49564650324
227,"Berchtesgadener Land",105929,840912633.20459,222535.949289917,2.32558139534884,2365,55,2232.62751465604,2.23262751465604,"9","LK Berchtesgadener Land","17.12.2020, 00:00 Uhr",132.163996639258,NA,13124737,210.49564650324
228,"Bad Tölz-Wolfratshausen",127917,1111751764.79077,234796.798339674,0.791904971403432,2273,18,1776.93348030363,1.77693348030363,"9","LK Bad Tölz-Wolfratshausen","17.12.2020, 00:00 Uhr",172.768279431194,NA,13124737,210.49564650324
229,"Dachau",154899,579508924.439209,164317.711337533,1.76485210042257,4023,71,2597.17622450758,2.59717622450758,"9","LK Dachau","17.12.2020, 00:00 Uhr",160.749908004571,NA,13124737,210.49564650324
230,"Ebersberg",143649,550036949.800537,156809.29067797,1.71854734111543,3084,53,2146.89973477017,2.14689973477017,"9","LK Ebersberg","17.12.2020, 00:00 Uhr",273.583526512541,NA,13124737,210.49564650324
231,"Eichstätt",132881,1214338343.24463,307230.858849809,1.87951807228916,2075,39,1561.54755006359,1.56154755006359,"9","LK Eichstätt","17.12.2020, 00:00 Uhr",161.798902777673,NA,13124737,210.49564650324
232,"Erding",138182,871194456.799316,183964.751523686,0.779944289693593,3590,28,2598.02289733829,2.59802289733829,"9","LK Erding","17.12.2020, 00:00 Uhr",327.104832756799,NA,13124737,210.49564650324
233,"Freising",180007,798575285.003662,198158.995458347,1.4050901378579,3772,53,2095.47406489748,2.09547406489748,"9","LK Freising","17.12.2020, 00:00 Uhr",212.213969456743,NA,13124737,210.49564650324
234,"Fürstenfeldbruck",219311,434594107.463379,150767.408019737,1.59242088288652,4961,79,2262.08443716913,2.26208443716913,"9","LK Fürstenfeldbruck","17.12.2020, 00:00 Uhr",193.332755766925,NA,13124737,210.49564650324
235,"Garmisch-Partenkirchen",88424,1011735312.47412,202211.577116747,2.4983119513842,1481,37,1674.88464670225,1.67488464670225,"9","LK Garmisch-Partenkirchen","17.12.2020, 00:00 Uhr",194.517325612956,NA,13124737,210.49564650324
236,"Landsberg am Lech",120302,803347100.123291,220196.589889934,1.1887779362815,2103,25,1748.10061345614,1.74810061345614,"9","LK Landsberg a.Lech","17.12.2020, 00:00 Uhr",192.016757826138,NA,13124737,210.49564650324
237,"Miesbach",100010,867025958.430664,210625.231594948,0.727096461463888,2063,15,2062.79372062794,2.06279372062794,"9","LK Miesbach","17.12.2020, 00:00 Uhr",135.986401359864,NA,13124737,210.49564650324
238,"Mühldorf a. Inn",115872,805622407.406982,251328.908389757,2.04152249134948,2890,59,2494.13145539906,2.49413145539906,"9","LK Mühldorf a.Inn","17.12.2020, 00:00 Uhr",255.454294393814,NA,13124737,210.49564650324
239,"München",350473,664138653.452881,252973.041917542,1.81919177891959,7201,131,2054.65185620576,2.05465185620576,"9","LK München","17.12.2020, 00:00 Uhr",149.226901929678,NA,13124737,210.49564650324
240,"Neuburg-Schrobenhausen",97303,739931306.460938,221320.867618522,2.29007633587786,1834,42,1884.83397223107,1.88483397223107,"9","LK Neuburg-Schrobenhausen","17.12.2020, 00:00 Uhr",209.654378590588,NA,13124737,210.49564650324
241,"Pfaffenhofen a.d. Ilm",128227,760765385.933105,229372.203031012,2.49697946033025,2483,62,1936.40964851396,1.93640964851396,"9","LK Pfaffenhofen a.d.Ilm","17.12.2020, 00:00 Uhr",228.501017726376,NA,13124737,210.49564650324
242,"Rosenheim",261330,1441414860.15088,378158.132107578,3.56672808633851,7598,271,2907.43504381433,2.90743504381433,"9","LK Rosenheim","17.12.2020, 00:00 Uhr",210.461868136073,NA,13124737,210.49564650324
243,"Starnberg",136667,486797936.262695,154795.099967591,0.715187210769878,2377,17,1739.26405057549,1.73926405057549,"9","LK Starnberg","17.12.2020, 00:00 Uhr",188.048321833361,NA,13124737,210.49564650324
244,"Traunstein",177319,1534422069.38501,316009.745884178,2.69261006289308,5088,137,2869.40485791145,2.86940485791145,"9","LK Traunstein","17.12.2020, 00:00 Uhr",206.971616126867,NA,13124737,210.49564650324
245,"Weilheim-Schongau",135478,967250374.398438,272463.374653351,1.1142061281337,2154,24,1589.92603965219,1.58992603965219,"9","LK Weilheim-Schongau","17.12.2020, 00:00 Uhr",166.816752535467,NA,13124737,210.49564650324
246,"Landshut",73411,66198281.5153809,67302.8073367567,1.63934426229508,1525,25,2077.34535696285,2.07734535696285,"9","SK Landshut","17.12.2020, 00:00 Uhr",205.69124518124,NA,13124737,210.49564650324
247,"Passau",52803,70345864.7817383,58228.3012353791,1.9935691318328,1555,31,2944.90843323296,2.94490843323296,"9","SK Passau","17.12.2020, 00:00 Uhr",234.835141942693,NA,13124737,210.49564650324
248,"Straubing",47791,67694276.4587402,55287.1931268913,4.8868778280543,1105,54,2312.15082337679,2.31215082337679,"9","SK Straubing","17.12.2020, 00:00 Uhr",223.891527693499,NA,13124737,210.49564650324
249,"Deggendorf",119478,862347966.712402,213838.023993025,1.73139915769771,2137,37,1788.61380337803,1.78861380337803,"9","LK Deggendorf","17.12.2020, 00:00 Uhr",288.756088987094,NA,13124737,210.49564650324
250,"Freyung-Grafenau",78362,985801655.32959,204548.212789839,2.22007722007722,2072,46,2644.13874071616,2.64413874071616,"9","LK Freyung-Grafenau","17.12.2020, 00:00 Uhr",315.203797759118,NA,13124737,210.49564650324
251,"Kelheim",123058,1065029769.94263,277536.062464877,2.02634245187437,1974,40,1604.12163370118,1.60412163370118,"9","LK Kelheim","17.12.2020, 00:00 Uhr",135.708365161144,NA,13124737,210.49564650324
252,"Landshut",159895,1348223093.89453,351920.375151995,2.65001522997259,3283,87,2053.22242721786,2.05322242721786,"9","LK Landshut","17.12.2020, 00:00 Uhr",211.388723850027,NA,13124737,210.49564650324
253,"Passau",192656,1532712028.51538,348752.561345949,1.39475133051936,5449,76,2828.35727929574,2.82835727929574,"9","LK Passau","17.12.2020, 00:00 Uhr",324.412424217258,NA,13124737,210.49564650324
254,"Regen",77410,976210168.557617,194164.008646603,2.07803223070399,2358,49,3046.11807260044,3.04611807260044,"9","LK Regen","17.12.2020, 00:00 Uhr",651.078672006201,NA,13124737,210.49564650324
255,"Rottal-Inn",121502,1282602956.49194,290878.061678102,2.46991766941102,3158,78,2599.13417063094,2.59913417063094,"9","LK Rottal-Inn","17.12.2020, 00:00 Uhr",234.564040098105,NA,13124737,210.49564650324
256,"Straubing-Bogen",101120,1202093621.30591,333199.89713122,3.20906087777253,2119,68,2095.53006329114,2.09553006329114,"9","LK Straubing-Bogen","17.12.2020, 00:00 Uhr",203.71835443038,NA,13124737,210.49564650324
257,"Dingolfing-Landau",96683,878257478.485107,263332.745927628,1.86618115612198,2197,41,2272.37466772856,2.27237466772856,"9","LK Dingolfing-Landau","17.12.2020, 00:00 Uhr",188.244055314792,NA,13124737,210.49564650324
258,"Amberg",42207,50448679.8339844,45209.2710086194,1.20689655172414,580,7,1374.1796384486,1.3741796384486,"9","SK Amberg","17.12.2020, 00:00 Uhr",113.725211457815,NA,13124737,210.49564650324
259,"Regensburg",153094,79826102.8852539,59585.3591546956,0.76593137254902,3264,25,2132.02346270919,2.13202346270919,"9","SK Regensburg","17.12.2020, 00:00 Uhr",145.662142213281,NA,13124737,210.49564650324
260,"Weiden i.d. OPf.",42743,70626636.8156738,71580.49607382,2.32758620689655,1160,27,2713.89467281192,2.71389467281192,"9","SK Weiden i.d.OPf.","17.12.2020, 00:00 Uhr",266.710338534965,NA,13124737,210.49564650324
261,"Amberg-Sulzbach",103049,1255298379.26831,376730.367791919,3.98185483870968,1984,79,1925.29767392211,1.92529767392211,"9","LK Amberg-Sulzbach","17.12.2020, 00:00 Uhr",230.958087899931,NA,13124737,210.49564650324
262,"Cham",127998,1528523795.67188,299434.488686439,2.02257761053622,2126,43,1660.96345255395,1.66096345255395,"9","LK Cham","17.12.2020, 00:00 Uhr",144.533508336068,NA,13124737,210.49564650324
263,"Neumarkt i.d. OPf.",134573,1344694696.41748,303954.183986294,2.67050123253903,2434,65,1808.68376271615,1.80868376271615,"9","LK Neumarkt i.d.OPf.","17.12.2020, 00:00 Uhr",251.164795315554,NA,13124737,210.49564650324
264,"Neustadt a.d. Waldnaab",94450,1428806733.14478,385595.596550411,3.63714163457424,2337,85,2474.32503970355,2.47432503970355,"9","LK Neustadt a.d.Waldnaab","17.12.2020, 00:00 Uhr",249.867654843833,NA,13124737,210.49564650324
265,"Regensburg",194070,1393661823.08496,411935.474236881,1.2093023255814,3225,39,1661.77152573814,1.66177152573814,"9","LK Regensburg","17.12.2020, 00:00 Uhr",130.880610089143,NA,13124737,210.49564650324
266,"Schwandorf",147872,1459127266.84326,347271.947508039,1.36939404313591,2921,40,1975.35706557022,1.97535706557022,"9","LK Schwandorf","17.12.2020, 00:00 Uhr",135.252109932915,NA,13124737,210.49564650324
267,"Tirschenreuth",72046,1085085479.13037,229297.914308778,7.56029684601113,2156,163,2992.53254864947,2.99253254864947,"9","LK Tirschenreuth","17.12.2020, 00:00 Uhr",227.632346001166,NA,13124737,210.49564650324
268,"Bamberg",77373,54954699.8215332,40971.33209863,3.44827586206897,1189,41,1536.71177284065,1.53671177284066,"9","SK Bamberg","17.12.2020, 00:00 Uhr",228.761971230274,NA,13124737,210.49564650324
269,"Bayreuth",74783,67001650.5107422,64647.9181601175,2.24948875255624,978,22,1307.78385461937,1.30778385461937,"9","SK Bayreuth","17.12.2020, 00:00 Uhr",172.499097388444,NA,13124737,210.49564650324
270,"Coburg",41072,48132641.3122559,47477.3741286157,1.32939438700148,677,9,1648.32489287106,1.64832489287106,"9","SK Coburg","17.12.2020, 00:00 Uhr",328.691079080639,NA,13124737,210.49564650324
271,"Hof",45825,58229062.4711914,54529.3906709256,2.1455223880597,1072,23,2339.33442444081,2.33933442444081,"9","SK Hof","17.12.2020, 00:00 Uhr",386.252045826514,NA,13124737,210.49564650324
272,"Bamberg",147163,1166583342.10889,362711.190290549,2.91646070192783,2023,59,1374.6661864735,1.3746661864735,"9","LK Bamberg","17.12.2020, 00:00 Uhr",148.135061122701,NA,13124737,210.49564650324
273,"Bayreuth",103664,1273597029.73486,385769.83569868,2.46734397677794,1378,34,1329.29464423522,1.32929464423522,"9","LK Bayreuth","17.12.2020, 00:00 Uhr",207.400833461954,NA,13124737,210.49564650324
274,"Coburg",86747,590710052.25708,264831.82117682,3.55579868708972,1828,65,2107.27748510035,2.10727748510035,"9","LK Coburg","17.12.2020, 00:00 Uhr",328.541621035886,NA,13124737,210.49564650324
275,"Forchheim",116203,642779515.665527,201522.370434998,1.35516657255788,1771,24,1524.05703811433,1.52405703811433,"9","LK Forchheim","17.12.2020, 00:00 Uhr",253.005516208704,NA,13124737,210.49564650324
276,"Hof",94801,893665825.442139,292628.653528024,2.81543274244004,1918,54,2023.18540943661,2.02318540943661,"9","LK Hof","17.12.2020, 00:00 Uhr",256.326410058966,NA,13124737,210.49564650324
277,"Kronach",66743,651427900.599854,195015.277434266,1.88216039279869,1222,23,1830.90361536041,1.83090361536041,"9","LK Kronach","17.12.2020, 00:00 Uhr",254.708358929026,NA,13124737,210.49564650324
278,"Kulmbach",71566,658009367.529297,203106.073640328,1.52594099694812,983,15,1373.55727580136,1.37355727580136,"9","LK Kulmbach","17.12.2020, 00:00 Uhr",145.320403543582,NA,13124737,210.49564650324
279,"Lichtenfels",66776,519647169.088623,187205.846382944,2.63361735089078,1291,34,1933.32933988259,1.93332933988259,"9","LK Lichtenfels","17.12.2020, 00:00 Uhr",169.222475140769,NA,13124737,210.49564650324
280,"Wunsiedel i. Fichtelgebirge",72655,606390338.476074,147471.538024539,3.61663652802893,1659,60,2283.39412290964,2.28339412290964,"9","LK Wunsiedel i.Fichtelgebirge","17.12.2020, 00:00 Uhr",133.507673250292,NA,13124737,210.49564650324
281,"Ansbach",41798,99768832.4846191,70326.4830089748,1.76,625,11,1495.28685583042,1.49528685583042,"9","SK Ansbach","17.12.2020, 00:00 Uhr",88.520981865161,NA,13124737,210.49564650324
282,"Erlangen",112528,77977941.6318359,53152.3494641094,1.71581769436997,1865,32,1657.36527797526,1.65736527797526,"9","SK Erlangen","17.12.2020, 00:00 Uhr",219.500924214418,NA,13124737,210.49564650324
283,"Fürth",128497,63285539.9587402,45823.6245653548,2.0306258322237,3004,61,2337.79776959773,2.33779776959773,"9","SK Fürth","17.12.2020, 00:00 Uhr",207.00872393908,NA,13124737,210.49564650324
284,"Nürnberg",518370,187638913.049072,138289.22278105,0.857959961868446,13637,117,2630.74637806972,2.63074637806972,"9","SK Nürnberg","17.12.2020, 00:00 Uhr",364.604433126917,NA,13124737,210.49564650324
285,"Schwabach",40981,40689547.8862305,44429.8887915419,3.16742081447964,884,28,2157.09719138137,2.15709719138137,"9","SK Schwabach","17.12.2020, 00:00 Uhr",295.25877845831,NA,13124737,210.49564650324
286,"Ansbach",184591,1971729908.04712,437201.165753482,2.38179879132599,2813,67,1523.90961639517,1.52390961639517,"9","LK Ansbach","17.12.2020, 00:00 Uhr",95.3459269411835,NA,13124737,210.49564650324
287,"Erlangen-Höchstadt",137262,564311248.097412,302050.653337916,2.29463056447912,2179,50,1587.47504771896,1.58747504771896,"9","LK Erlangen-Höchstadt","17.12.2020, 00:00 Uhr",191.604377030788,NA,13124737,210.49564650324
288,"Fürth",117853,307069047.257813,118731.49039957,4.39003799071338,2369,104,2010.13126522023,2.01013126522023,"9","LK Fürth","17.12.2020, 00:00 Uhr",178.188081762874,NA,13124737,210.49564650324
289,"Nürnberger Land",170792,797674718.40332,279899.945094141,2.34146341463415,3075,72,1800.43561759333,1.80043561759333,"9","LK Nürnberger Land","17.12.2020, 00:00 Uhr",250.597217668275,NA,13124737,210.49564650324
290,"Neustadt a.d. Aisch-Bad Windsheim",101014,1267252966.25171,286102.271039161,1.73299101412067,1558,27,1542.36046488606,1.54236046488606,"9","LK Neustadt a.d.Aisch-Bad Windsheim","17.12.2020, 00:00 Uhr",150.474191696201,NA,13124737,210.49564650324
291,"Roth",126749,894932585.192871,299600.809281537,1.27238454288407,2122,27,1674.17494418102,1.67417494418102,"9","LK Roth","17.12.2020, 00:00 Uhr",211.44151038667,NA,13124737,210.49564650324
292,"Weißenburg-Gunzenhausen",94734,970038597.260254,222916.056869647,2.29885057471264,1566,36,1653.04959148774,1.65304959148774,"9","LK Weißenburg-Gunzenhausen","17.12.2020, 00:00 Uhr",253.34093356134,NA,13124737,210.49564650324
293,"Aschaffenburg",71002,61907646.1359863,50363.8974170639,1.4692378328742,1089,16,1533.75961240528,1.53375961240528,"9","SK Aschaffenburg","17.12.2020, 00:00 Uhr",187.318667079801,NA,13124737,210.49564650324
294,"Schweinfurt",53426,35470859.157959,39485.1982806469,3.02491103202847,1124,34,2103.84457005952,2.10384457005952,"9","SK Schweinfurt","17.12.2020, 00:00 Uhr",145.996331374237,NA,13124737,210.49564650324
295,"Würzburg",127934,87734441.9824219,64989.5439027188,2.82457879088206,2018,57,1577.37583441462,1.57737583441462,"9","SK Würzburg","17.12.2020, 00:00 Uhr",103.959854299873,NA,13124737,210.49564650324
296,"Aschaffenburg",174200,698561866.208496,229172.389240732,2.10890777463015,3177,67,1823.76578645235,1.82376578645235,"9","LK Aschaffenburg","17.12.2020, 00:00 Uhr",184.270952927669,NA,13124737,210.49564650324
297,"Bad Kissingen",103235,1137003035.53955,279044.771663776,1.7632241813602,1191,21,1153.67850050855,1.15367850050855,"9","LK Bad Kissingen","17.12.2020, 00:00 Uhr",164.672833825737,NA,13124737,210.49564650324
298,"Rhön-Grabfeld",79635,1021003452.15601,256173.813767186,1.46804835924007,1158,17,1454.13448860426,1.45413448860426,"9","LK Rhön-Grabfeld","17.12.2020, 00:00 Uhr",113.015633829346,NA,13124737,210.49564650324
299,"Haßberge",84384,956058894.023438,250001.715622342,2.15877437325905,1436,31,1701.74440652256,1.70174440652256,"9","LK Haßberge","17.12.2020, 00:00 Uhr",163.53811149033,NA,13124737,210.49564650324
300,"Kitzingen",91155,683490472.494385,201048.115445307,1.17154811715481,1195,14,1310.95386978224,1.31095386978224,"9","LK Kitzingen","17.12.2020, 00:00 Uhr",163.457846525149,NA,13124737,210.49564650324
301,"Miltenberg",128743,714706250.182129,225494.877397699,1.54525386313466,2265,35,1759.31895326348,1.75931895326348,"9","LK Miltenberg","17.12.2020, 00:00 Uhr",144.473874307729,NA,13124737,210.49564650324
302,"Main-Spessart",126158,1320838063.43896,286620.61899078,4.74051896207585,2004,95,1588.48428161512,1.58848428161512,"9","LK Main-Spessart","17.12.2020, 00:00 Uhr",211.639372849918,NA,13124737,210.49564650324
303,"Schweinfurt",115445,840903919.659912,324664.036452781,2.59089009611366,2393,62,2072.84854259604,2.07284854259604,"9","LK Schweinfurt","17.12.2020, 00:00 Uhr",137.727922387284,NA,13124737,210.49564650324
304,"Würzburg",162302,966426631.379883,336812.257763599,1.59760359460809,2003,32,1234.11911128637,1.23411911128637,"9","LK Würzburg","17.12.2020, 00:00 Uhr",65.3103473771118,NA,13124737,210.49564650324
305,"Augsburg",296582,146404309.578369,86295.1343710183,1.89202217401784,8298,157,2797.87714696104,2.79787714696104,"9","SK Augsburg","17.12.2020, 00:00 Uhr",224.895644374911,NA,13124737,210.49564650324
306,"Kaufbeuren",44398,40434134.6411133,39367.0544038581,3.25670498084291,1044,34,2351.45727285013,2.35145727285013,"9","SK Kaufbeuren","17.12.2020, 00:00 Uhr",184.693004189378,NA,13124737,210.49564650324
307,"Kempten (Allgäu)",69151,63216099.2460938,53492.4490295751,1.48975791433892,1074,16,1553.12287602493,1.55312287602493,"9","SK Kempten","17.12.2020, 00:00 Uhr",202.45549594366,NA,13124737,210.49564650324
308,"Memmingen",44100,69817839.4348145,63096.628569463,1.5130674002751,727,11,1648.52607709751,1.64852607709751,"9","SK Memmingen","17.12.2020, 00:00 Uhr",154.195011337868,NA,13124737,210.49564650324
309,"Aichach-Friedberg",134655,779636093.348389,226080.939306563,1.98183319570603,2422,48,1798.67067691508,1.79867067691508,"9","LK Aichach-Friedberg","17.12.2020, 00:00 Uhr",113.62370502395,NA,13124737,210.49564650324
310,"Augsburg",253468,1071123564.76416,308907.283052736,1.17781155015198,5264,62,2076.79075859675,2.07679075859675,"9","LK Augsburg","17.12.2020, 00:00 Uhr",209.099373490934,NA,13124737,210.49564650324
311,"Dillingen a.d. Donau",96562,791213465.028809,241997.005658241,3.94581861012956,1698,67,1758.45570721402,1.75845570721402,"9","LK Dillingen a.d.Donau","17.12.2020, 00:00 Uhr",179.159503738531,NA,13124737,210.49564650324
312,"Günzburg",127027,763092354.290771,231983.896909515,1.70637475853187,3106,53,2445.14945641478,2.44514945641478,"9","LK Günzburg","17.12.2020, 00:00 Uhr",225.936218284302,NA,13124737,210.49564650324
313,"Neu-Ulm",175204,515346963.138428,149088.430473598,1.21517486662715,3374,41,1925.75511974612,1.92575511974612,"9","LK Neu-Ulm","17.12.2020, 00:00 Uhr",223.16842081231,NA,13124737,210.49564650324
314,"Lindau (Bodensee)",81981,322954173.885254,143747.698167572,1.71503957783641,1516,26,1849.20896305241,1.84920896305241,"9","LK Lindau","17.12.2020, 00:00 Uhr",230.541222966297,NA,13124737,210.49564650324
315,"Ostallgäu",141182,1392638275.396,408538.703775734,1.98675496688742,2718,54,1925.17459732827,1.92517459732827,"9","LK Ostallgäu","17.12.2020, 00:00 Uhr",208.95014945248,NA,13124737,210.49564650324
316,"Unterallgäu",145341,1229170262.25684,325590.716666314,2.11546936976642,2269,48,1561.15617754109,1.56115617754109,"9","LK Unterallgäu","17.12.2020, 00:00 Uhr",167.193015047371,NA,13124737,210.49564650324
317,"Donau-Ries",133783,1273689647.33911,334501.136829586,1.94260485651214,2265,44,1693.0402218518,1.6930402218518,"9","LK Donau-Ries","17.12.2020, 00:00 Uhr",140.526075809333,NA,13124737,210.49564650324
318,"Oberallgäu",156008,1527504870.70532,341495.674819323,1.03492884864166,2319,24,1486.46223270602,1.48646223270602,"9","LK Oberallgäu","17.12.2020, 00:00 Uhr",185.246910414851,NA,13124737,210.49564650324
319,"Regionalverband Saarbrücken",328714,411439130.605835,161181.724288652,2.79522613065327,6368,178,1937.24636005768,1.93724636005768,"10","LK Stadtverband Saarbrücken","17.12.2020, 00:00 Uhr",231.508241206642,NA,986887,168.610995990422
320,"Merzig-Wadern",103243,556810455.014404,154742.510566207,1.63398692810458,1530,25,1481.94066425811,1.48194066425811,"10","LK Merzig-Wadern","17.12.2020, 00:00 Uhr",101.701810292223,NA,986887,168.610995990422
321,"Neunkirchen",131408,248046383.794434,107771.870767335,0.690754516471839,1882,13,1432.18068915135,1.43218068915135,"10","LK Neunkirchen","17.12.2020, 00:00 Uhr",81.4257883842688,NA,986887,168.610995990422
322,"Saarlouis",194319,458900040.431519,158517.404110461,1.46744114949557,3271,48,1683.31454978669,1.68331454978669,"10","LK Saarlouis","17.12.2020, 00:00 Uhr",191.952408153603,NA,986887,168.610995990422
323,"Saarpfalz-Kreis",142196,418910126.224365,159579.188509181,1.24939932724652,2081,26,1463.47295282568,1.46347295282568,"10","LK Saar-Pfalz-Kreis","17.12.2020, 00:00 Uhr",136.431404540212,NA,986887,168.610995990422
324,"St. Wendel",87007,476218971.722046,146830.174792864,2.51617541337168,1391,35,1598.72194191272,1.59872194191272,"10","LK Sankt Wendel","17.12.2020, 00:00 Uhr",142.517268725505,NA,986887,168.610995990422
326,"Brandenburg an der Havel",72184,229458891.207031,140932.795800226,1.95035460992908,564,11,781.336584284606,0.781336584284606,"12","SK Brandenburg a.d.Havel","17.12.2020, 00:00 Uhr",99.7450958661199,NA,2521893,162.457328681272
327,"Cottbus",99678,165499112.032715,87686.490779114,4.18445772843723,1171,49,1174.78280061799,1.17478280061799,"12","SK Cottbus","17.12.2020, 00:00 Uhr",40.129216075764,NA,2521893,162.457328681272
328,"Frankfurt (Oder)",57751,148120078.86084,66250.0942024892,0.46801872074883,641,3,1109.93749025991,1.10993749025991,"12","SK Frankfurt (Oder)","17.12.2020, 00:00 Uhr",180.083461758238,NA,2521893,162.457328681272
329,"Potsdam",180334,187164668.043945,96318.6646465882,2.87524366471735,2052,59,1137.8885845154,1.1378885845154,"12","SK Potsdam","17.12.2020, 00:00 Uhr",39.9259152461544,NA,2521893,162.457328681272
330,"Barnim",185244,1483328262.53955,339885.949048133,3.76084860173578,2074,78,1119.60441363823,1.11960441363823,"12","LK Barnim","17.12.2020, 00:00 Uhr",102.567424585952,NA,2521893,162.457328681272
331,"Dahme-Spreewald",170791,2280092175.03906,435887.946004235,1.69689877121123,1709,29,1000.63820693128,1.00063820693128,"12","LK Dahme-Spreewald","17.12.2020, 00:00 Uhr",156.331422615946,NA,2521893,162.457328681272
332,"Elbe-Elster",101827,1903202907.17969,304967.349125971,1.18043844856661,1779,21,1747.08083317784,1.74708083317784,"12","LK Elbe-Elster","17.12.2020, 00:00 Uhr",385.948716941479,NA,2521893,162.457328681272
333,"Havelland",162996,1728706471.47583,344691.18781209,1.41592920353982,1695,24,1039.9028197011,1.0399028197011,"12","LK Havelland","17.12.2020, 00:00 Uhr",103.070013988073,NA,2521893,162.457328681272
334,"Märkisch-Oderland",195751,2162400357.65479,314757.587613392,2.80249110320285,2248,63,1148.39770933482,1.14839770933482,"12","LK Märkisch-Oderland","17.12.2020, 00:00 Uhr",187.993931065486,NA,2521893,162.457328681272
335,"Oberhavel",212914,1810086803.45215,360258.526671368,0.791208791208791,2275,18,1068.50653315423,1.06850653315423,"12","LK Oberhavel","17.12.2020, 00:00 Uhr",177.536470124088,NA,2521893,162.457328681272
336,"Oberspreewald-Lausitz",109371,1225529485.39258,253106.766657486,2.6744671959883,2393,64,2187.96573131817,2.18796573131817,"12","LK Oberspreewald-Lausitz","17.12.2020, 00:00 Uhr",546.762853041483,NA,2521893,162.457328681272
337,"Oder-Spree",178803,2262502493.89453,375585.567913974,1.89337319382162,2007,38,1122.46438818141,1.12246438818141,"12","LK Oder-Spree","17.12.2020, 00:00 Uhr",150.444903049725,NA,2521893,162.457328681272
338,"Ostprignitz-Ruppin",98861,2527647718.00757,383215.261790736,0.240096038415366,833,2,842.597181901862,0.842597181901862,"12","LK Ostprignitz-Ruppin","17.12.2020, 00:00 Uhr",130.48623825371,NA,2521893,162.457328681272
339,"Potsdam-Mittelmark",216566,2595059133.91309,471676.67314393,2.33625365039633,2397,56,1106.82193880849,1.10682193880849,"12","LK Potsdam-Mittelmark","17.12.2020, 00:00 Uhr",139.44940572389,NA,2521893,162.457328681272
340,"Prignitz",76158,2139182170.65576,314981.945301139,1.03270223752151,581,6,762.887680873973,0.762887680873973,"12","LK Prignitz","17.12.2020, 00:00 Uhr",175.94999868694,NA,2521893,162.457328681272
341,"Spree-Neiße",113720,1661445549.06738,349490.852258286,2.23413762287757,2238,50,1967.99155821316,1.96799155821316,"12","LK Spree-Neiße","17.12.2020, 00:00 Uhr",373.724938445304,NA,2521893,162.457328681272
342,"Teltow-Fläming",169997,2106724690.13452,319588.778488519,0.807847663012118,1733,14,1019.42975464273,1.01942975464273,"12","LK Teltow-Fläming","17.12.2020, 00:00 Uhr",62.9422872168332,NA,2521893,162.457328681272
343,"Uckermark",118947,3081478365.84326,392752.807648689,2.42424242424242,825,20,693.58621907236,0.69358621907236,"12","LK Uckermark","17.12.2020, 00:00 Uhr",68.0975560543772,NA,2521893,162.457328681272
344,"Rostock",209191,169182687.774658,134795.715511889,1.07095046854083,747,8,357.089932167254,0.357089932167254,"13","SK Rostock","17.12.2020, 00:00 Uhr",18.6432494705795,NA,1608138,96.5091304353233
345,"Schwerin",95653,130021333.25293,69507.4759527597,1.11111111111111,630,7,658.630675462348,0.658630675462348,"13","SK Schwerin","17.12.2020, 00:00 Uhr",148.45326335818,NA,1608138,96.5091304353233
346,"Mecklenburgische Seenplatte",258074,5500547133.15259,514258.77380906,0.951248513674197,1682,16,651.751048148981,0.651751048148981,"13","LK Mecklenburgische Seenplatte","17.12.2020, 00:00 Uhr",156.156761239024,NA,1608138,96.5091304353233
347,"Rostock",215794,3430259304.63257,470182.25536835,1.32978723404255,752,10,348.480495287172,0.348480495287172,"13","LK Rostock","17.12.2020, 00:00 Uhr",64.4132830384533,NA,1608138,96.5091304353233
348,"Vorpommern-Rügen",224702,3165945515.72314,1130008.57801726,1.15667718191377,951,11,423.227207590498,0.423227207590498,"13","LK Vorpommern-Rügen","17.12.2020, 00:00 Uhr",48.508691511424,NA,1608138,96.5091304353233
349,"Nordwestmecklenburg",157322,2124163939.49634,423468.448156752,1.37254901960784,1020,14,648.351788052529,0.648351788052529,"13","LK Nordwestmecklenburg","17.12.2020, 00:00 Uhr",119.500133484192,NA,1608138,96.5091304353233
350,"Vorpommern-Greifswald",235623,3800115512.31689,829464.607187338,1.59253157605711,1821,29,772.844756241963,0.772844756241963,"13","LK Vorpommern-Greifswald","17.12.2020, 00:00 Uhr",116.287459203898,NA,1608138,96.5091304353233
351,"Ludwigslust-Parchim",211779,4767048684.75415,544893.273395305,1.04790419161677,1336,14,630.846306763182,0.630846306763182,"13","LK Ludwigslust-Parchim","17.12.2020, 00:00 Uhr",121.825110138399,NA,1608138,96.5091304353233
352,"Chemnitz",246334,221390784.142822,95321.6150519375,2.42540904716073,5195,126,2108.92528031047,2.10892528031047,"14","SK Chemnitz","17.12.2020, 00:00 Uhr",331.257560872636,NA,4071971,415.425355435979
353,"Erzgebirgskreis",334948,1829052282.17773,316453.7101636,2.0108522183211,12532,252,3741.47628885678,3.74147628885678,"14","LK Erzgebirgskreis","17.12.2020, 00:00 Uhr",499.480516378662,NA,4071971,415.425355435979
354,"Mittelsachsen",304099,2117093473.82227,369709.913667953,0.847110260964613,7319,62,2406.78200191385,2.40678200191385,"14","LK Mittelsachsen","17.12.2020, 00:00 Uhr",514.306196337377,NA,4071971,415.425355435979
355,"Vogtlandkreis",225997,1413030344.30347,311516.555614729,3.31917153478492,3766,125,1666.39380168763,1.66639380168763,"14","LK Vogtlandkreis","17.12.2020, 00:00 Uhr",176.108532414147,NA,4071971,415.425355435979
356,"Zwickau",315002,950371257.519287,236378.261893365,2.06058108386565,9706,200,3081.25027777601,3.08125027777601,"14","LK Zwickau","17.12.2020, 00:00 Uhr",571.742401635545,NA,4071971,415.425355435979
357,"Dresden",556780,328597830.120605,125713.405876724,1.51092724165842,11119,168,1997.01857106936,1.99701857106936,"14","SK Dresden","17.12.2020, 00:00 Uhr",335.320952620425,NA,4071971,415.425355435979
358,"Bautzen",299758,2401626909.46289,346293.027396107,1.56101275461641,10506,164,3504.82722729669,3.50482722729669,"14","LK Bautzen","17.12.2020, 00:00 Uhr",639.515876140086,NA,4071971,415.425355435979
359,"Görlitz",252725,2117875652.25439,343038.40508571,3.20048309178744,8280,265,3276.28845583144,3.27628845583144,"14","LK Görlitz","17.12.2020, 00:00 Uhr",621.624295182511,NA,4071971,415.425355435979
360,"Meißen",241717,1460028405.96924,262069.148494336,3.43094784266158,5771,198,2387.50274080847,2.38750274080847,"14","LK Meißen","17.12.2020, 00:00 Uhr",522.511863046455,NA,4071971,415.425355435979
361,"Sächsische Schweiz-Osterzgebirge",245586,1657191267.13281,288326.60943747,2.89435600578871,7601,220,3095.04613455164,3.09504613455164,"14","LK Sächsische Schweiz-Osterzgebirge","17.12.2020, 00:00 Uhr",609.969623675617,NA,4071971,415.425355435979
362,"Leipzig",593145,299199530.356689,121009.563030988,1.02598047327486,6043,62,1018.80653128662,1.01880653128662,"14","SK Leipzig","17.12.2020, 00:00 Uhr",170.11017542085,NA,4071971,415.425355435979
363,"Leipzig",258139,1652752071.3916,340151.944638041,0.923970432946146,3788,35,1467.42646403682,1.46742646403682,"14","LK Leipzig","17.12.2020, 00:00 Uhr",297.514129984233,NA,4071971,415.425355435979
364,"Nordsachsen",197741,2029363881.25757,410149.206029041,1.15288220551378,3990,46,2017.79094876632,2.01779094876632,"14","LK Nordsachsen","17.12.2020, 00:00 Uhr",389.903965287927,NA,4071971,415.425355435979
365,"Dessau-Roßlau",80103,246411621.926025,115905.532576958,1.63204747774481,674,11,841.416676029612,0.841416676029612,"15","SK Dessau-Roßlau","17.12.2020, 00:00 Uhr",157.29747949515,NA,2194782,147.713987083911
366,"Halle (Saale)",238762,135764556.49585,77778.5371227487,1.31578947368421,2128,28,891.26410400315,0.89126410400315,"15","SK Halle","17.12.2020, 00:00 Uhr",87.5348673574522,NA,2194782,147.713987083911
367,"Magdeburg",237565,200525598.567627,84732.7396485704,1.19961612284069,2084,25,877.233599225475,0.877233599225475,"15","SK Magdeburg","17.12.2020, 00:00 Uhr",95.1318586492118,NA,2194782,147.713987083911
368,"Altmarkkreis Salzwedel",83173,2303232974.10107,304018.13322438,3.0060120240481,499,15,599.954312096474,0.599954312096474,"15","LK Altmarkkreis Salzwedel","17.12.2020, 00:00 Uhr",102.196626309019,NA,2194782,147.713987083911
369,"Anhalt-Bitterfeld",158486,1461202916.53247,339393.484904978,0.859598853868195,1047,9,660.626175182666,0.660626175182666,"15","LK Anhalt-Bitterfeld","17.12.2020, 00:00 Uhr",137.551581843191,NA,2194782,147.713987083911
370,"Börde",170923,2376778417.90283,372336.179495209,2.17086834733894,1428,31,835.463922351,0.835463922351,"15","LK Börde","17.12.2020, 00:00 Uhr",151.530221210721,NA,2194782,147.713987083911
371,"Burgenlandkreis",178846,1419199714.23511,295494.058151494,1.43939393939394,2640,38,1476.13030204757,1.47613030204757,"15","LK Burgenlandkreis","17.12.2020, 00:00 Uhr",212.473301052302,NA,2194782,147.713987083911
372,"Harz",213310,2107253323.8606,325949.493783216,1.20828538550058,1738,21,814.776616192396,0.814776616192396,"15","LK Harz","17.12.2020, 00:00 Uhr",136.889972340725,NA,2194782,147.713987083911
373,"Jerichower Land",89589,1589862709.08545,247513.327800673,2.94759825327511,916,27,1022.44695219279,1.02244695219279,"15","LK Jerichower Land","17.12.2020, 00:00 Uhr",88.1804685843128,NA,2194782,147.713987083911
374,"Mansfeld-Südharz",134942,1456051186.22388,331192.469067827,0.623885918003565,1122,7,831.46833454373,0.83146833454373,"15","LK Mansfeld-Südharz","17.12.2020, 00:00 Uhr",168.220420625157,NA,2194782,147.713987083911
375,"Saalekreis",183815,1440548636.87378,371825.276683838,1.90427174472465,1943,37,1057.04104670457,1.05704104670457,"15","LK Saalekreis","17.12.2020, 00:00 Uhr",221.962299050676,NA,2194782,147.713987083911
376,"Salzlandkreis",189125,1435223669.55542,263641.4359459,1.29032258064516,1705,22,901.520158625248,0.901520158625248,"15","LK Salzlandkreis","17.12.2020, 00:00 Uhr",134.831460674157,NA,2194782,147.713987083911
377,"Stendal",111190,2437289281.5437,388578.333837657,3.04093567251462,855,26,768.954042629733,0.768954042629733,"15","LK Stendal","17.12.2020, 00:00 Uhr",145.696555445634,NA,2194782,147.713987083911
378,"Wittenberg",124953,1944607760.69946,288398.187583744,1.52505446623094,1377,21,1102.01435739838,1.10201435739838,"15","LK Wittenberg","17.12.2020, 00:00 Uhr",252.895088553296,NA,2194782,147.713987083911
379,"Erfurt",213981,270257421.294678,106241.732102172,2.19114219114219,2145,47,1002.42544898846,1.00242544898846,"16","SK Erfurt","17.12.2020, 00:00 Uhr",141.134025918189,NA,2133378,274.02551259083
380,"Gera",93125,152353849.622803,75036.9493444954,3.76597175521184,1487,56,1596.77852348993,1.59677852348993,"16","SK Gera","17.12.2020, 00:00 Uhr",397.315436241611,NA,2133378,274.02551259083
381,"Jena",111343,114856718.441162,68829.1440208002,1.29975629569456,1231,16,1105.59262818498,1.10559262818498,"16","SK Jena","17.12.2020, 00:00 Uhr",205.670765113209,NA,2133378,274.02551259083
382,"Suhl",36789,102425357.769043,81790.0791534622,2.26757369614512,441,10,1198.72788061649,1.19872788061649,"16","SK Suhl","17.12.2020, 00:00 Uhr",334.339068743374,NA,2133378,274.02551259083
383,"Weimar",65228,84427076.9130859,63948.3104956555,0.475435816164818,631,3,967.375973508309,0.967375973508309,"16","SK Weimar","17.12.2020, 00:00 Uhr",165.573066781137,NA,2133378,274.02551259083
384,"Eisenach",42250,104429358.891602,68679.6227637501,1.90839694656489,262,5,620.118343195266,0.620118343195266,"16","SK Eisenach","17.12.2020, 00:00 Uhr",168.047337278107,NA,2133378,274.02551259083
385,"Eichsfeld",100006,941990551.349854,207729.393165993,2.27272727272727,1408,32,1407.9155250685,1.4079155250685,"16","LK Eichsfeld","17.12.2020, 00:00 Uhr",270.983740975541,NA,2133378,274.02551259083
386,"Nordhausen",83416,713906012.683594,184828.444788439,1.68067226890756,595,10,713.292413925386,0.713292413925386,"16","LK Nordhausen","17.12.2020, 00:00 Uhr",95.9048623765225,NA,2133378,274.02551259083
387,"Wartburgkreis",118974,1305420222.49292,423293.351808742,0.451807228915663,1328,6,1116.21026442752,1.11621026442752,"16","LK Wartburgkreis","17.12.2020, 00:00 Uhr",389.160656950258,NA,2133378,274.02551259083
388,"Unstrut-Hainich-Kreis",102232,978649370.606689,216020.064525007,1.65876777251185,1688,28,1651.14641208232,1.65114641208232,"16","LK Unstrut-Hainich-Kreis","17.12.2020, 00:00 Uhr",442.13162219266,NA,2133378,274.02551259083
389,"Kyffhäuserkreis",74212,1037644199.99707,271293.835300143,2.23004694835681,852,19,1148.06230798254,1.14806230798254,"16","LK Kyffhäuserkreis","17.12.2020, 00:00 Uhr",238.505902010457,NA,2133378,274.02551259083
390,"Schmalkalden-Meiningen",124916,1210176377.52979,284618.137139513,2.27021040974529,1806,41,1445.7715584873,1.4457715584873,"16","LK Schmalkalden-Meiningen","17.12.2020, 00:00 Uhr",256.172147683243,NA,2133378,274.02551259083
391,"Gotha",134908,935633668.989258,199895.58962156,3.3976833976834,1295,44,959.913422480505,0.959913422480505,"16","LK Gotha","17.12.2020, 00:00 Uhr",171.969045571797,NA,2133378,274.02551259083
392,"Sömmerda",69427,806725753.319092,230093.537107915,2.24586288416076,846,19,1218.54609878001,1.21854609878001,"16","LK Sömmerda","17.12.2020, 00:00 Uhr",168.522332810002,NA,2133378,274.02551259083
393,"Hildburghausen",63197,937297569.990723,265821.005536133,1.55469183786785,1801,28,2849.81882051363,2.84981882051363,"16","LK Hildburghausen","17.12.2020, 00:00 Uhr",447.806066743675,NA,2133378,274.02551259083
394,"Ilm-Kreis",106249,843200236.253906,222575.656773903,1.29589632829374,1389,18,1307.3064217075,1.3073064217075,"16","LK Ilm-Kreis","17.12.2020, 00:00 Uhr",298.355749230581,NA,2133378,274.02551259083
395,"Weimarer Land",82156,804283848.245361,269741.633545508,1.0989010989011,728,8,886.119090510736,0.886119090510736,"16","LK Weimarer Land","17.12.2020, 00:00 Uhr",119.285262184137,NA,2133378,274.02551259083
396,"Sonneberg",57717,432927012.661377,161041.945432261,3.39462517680339,1414,48,2449.88478264636,2.44988478264636,"16","LK Sonneberg","17.12.2020, 00:00 Uhr",372.507233570698,NA,2133378,274.02551259083
397,"Saalfeld-Rudolstadt",103199,1036276858.88403,288875.161468262,2.10111621799081,1523,32,1475.78949408425,1.47578949408424,"16","LK Saalfeld-Rudolstadt","17.12.2020, 00:00 Uhr",377.910638668979,NA,2133378,274.02551259083
398,"Saale-Holzland-Kreis",82950,815610432.112061,234993.455153363,1.84426229508197,976,18,1176.61241711875,1.17661241711875,"16","LK Saale-Holzland-Kreis","17.12.2020, 00:00 Uhr",220.614828209765,NA,2133378,274.02551259083
399,"Saale-Orla-Kreis",80312,1151821448.87769,254911.187843261,1.3768115942029,1380,19,1718.29863532224,1.71829863532224,"16","LK Saale-Orla-Kreis","17.12.2020, 00:00 Uhr",389.730052794103,NA,2133378,274.02551259083
400,"Greiz",97398,846542585.236572,287996.240426493,3.2258064516129,1829,59,1877.86196841824,1.87786196841824,"16","LK Greiz","17.12.2020, 00:00 Uhr",278.239799585207,NA,2133378,274.02551259083
401,"Altenburger Land",89393,569793164.429688,159246.545807564,1.53374233128834,1956,30,2188.09079010661,2.18809079010661,"16","LK Altenburger Land","17.12.2020, 00:00 Uhr",515.700334478091,NA,2133378,274.02551259083
404,"Berlin Reinickendorf",259689,89436651.1298828,52066.3787897586,1.44253140995812,6447,93,2482.58493813754,2.48258493813754,"11","SK Berlin Reinickendorf","17.12.2020, 00:00 Uhr",237.976964753994,NA,3669491,178.090094784263
405,"Berlin Charlottenburg-Wilmersdorf",334401,64774504.5493164,43768.285631833,1.16546762589928,6950,81,2078.3430671559,2.0783430671559,"11","SK Berlin Charlottenburg-Wilmersdorf","17.12.2020, 00:00 Uhr",147.427788792498,NA,3669491,178.090094784263
406,"Berlin Treptow-Köpenick",266488,168005186.256348,91502.1200065657,0.924947145877378,3784,35,1419.95136741617,1.41995136741617,"11","SK Berlin Treptow-Köpenick","17.12.2020, 00:00 Uhr",161.358109933656,NA,3669491,178.090094784263
407,"Berlin Pankow",398036,103362961.02002,66428.5750865875,1.10565110565111,6512,72,1636.03292164528,1.63603292164528,"11","SK Berlin Pankow","17.12.2020, 00:00 Uhr",134.158719311821,NA,3669491,178.090094784263
408,"Berlin Neukölln",321123,44996873.6523438,40651.1686972196,1.25914267197482,10801,136,3363.5086867026,3.3635086867026,"11","SK Berlin Neukölln","17.12.2020, 00:00 Uhr",210.82264428272,NA,3669491,178.090094784263
409,"Berlin Lichtenberg",286522,52197995.7641602,46276.6771709678,1.41414141414141,4455,63,1554.85442653618,1.55485442653618,"11","SK Berlin Lichtenberg","17.12.2020, 00:00 Uhr",153.565869287524,NA,3669491,178.090094784263
410,"Berlin Marzahn-Hellersdorf",262967,61914765.7182617,41111.1766110066,0.82687338501292,3870,32,1471.66754763906,1.47166754763906,"11","SK Berlin Marzahn-Hellersdorf","17.12.2020, 00:00 Uhr",153.251168397556,NA,3669491,178.090094784263
411,"Berlin Spandau",239019,92940423.4116211,60759.065594004,1.12680793810965,5946,67,2487.66834435756,2.48766834435756,"11","SK Berlin Spandau","17.12.2020, 00:00 Uhr",217.555926516302,NA,3669491,178.090094784263
412,"Berlin Steglitz-Zehlendorf",302177,102687173.001465,62943.9339297434,0.881895210098565,5783,51,1913.77901031515,1.91377901031515,"11","SK Berlin Steglitz-Zehlendorf","17.12.2020, 00:00 Uhr",172.746436691078,NA,3669491,178.090094784263
413,"Berlin Mitte",375238,39452105.0620117,35771.879143497,0.800765950039168,11489,92,3061.79011720561,3.06179011720561,"11","SK Berlin Mitte","17.12.2020, 00:00 Uhr",247.043209909444,NA,3669491,178.090094784263
414,"Berlin Friedrichshain-Kreuzberg",282059,20428655.7543945,32780.5909146972,0.694980694980695,7770,54,2754.74280203787,2.75474280203787,"11","SK Berlin Friedrichshain-Kreuzberg","17.12.2020, 00:00 Uhr",160.959231933744,NA,3669491,178.090094784263
415,"Berlin Tempelhof-Schöneberg",341772,53122950.2021484,46308.5674125585,1.8115084063462,8446,153,2471.2381353651,2.4712381353651,"11","SK Berlin Tempelhof-Schöneberg","17.12.2020, 00:00 Uhr",151.270437601676,NA,3669491,178.090094784263
